Account Name,VM UUID,VM Name,VM Type,Power State,CPUs,Storage Capacity,Memory,Reserved Memory,Is CVM,Last Reported,Theater,Region,Sub Region,Cluster UUID,Cluster Name,Node UUID,Node Serial Number,Hypervisor Type,Guest OS
"Inter Pipeline Fund",b704bfd4-99b0-4c7e-9cf6-147357f74800,"copy-HPC-RADADMP01-testrestore-2025-10","kGuestVM","off",2,80 GiB,8 GiB,0.00 GiB,false,2025-10-23,"Americas","Americas North Enterprise & Canada","Canada Enterprise/Comm West",00062b22-51fd-bd09-3dc3-7cc255815dc7,"iplhpc-nutanixcls01",-,"-","-","Not Found"
"Inter Pipeline Fund",3b148265-e45f-4d91-86ae-f647bea3356b,"copy-IPL-APPPROXY01-testrestore-2025-10","kGuestVM","off",4,80 GiB,8 GiB,0.00 GiB,false,2025-10-23,"Americas","Americas North Enterprise & Canada","Canada Enterprise/Comm West",000609c1-da9d-95fc-6e97-7cc25581f0d1,"ipl-nutanixcls01",-,"-","-","Not Found"
"Inter Pipeline Fund",23e12e62-67da-4e00-affd-836f24c4a96b,"copy-IPLHPC-OMS01-testrestore-202509","kGuestVM","off",2,80 GiB,8 GiB,0.00 GiB,false,2025-10-23,"Americas","Americas North Enterprise & Canada","Canada Enterprise/Comm West",00062b22-51fd-bd09-3dc3-7cc255815dc7,"iplhpc-nutanixcls01",-,"-","-","Not Found"
"Inter Pipeline Fund",68d5dbc5-d7b2-42b1-92f2-688da126d4bb,"Eric Test VM in VLAN 198","kGuestVM","off",4,80 GiB,8 GiB,0.00 GiB,false,2025-10-23,"Americas","Americas North Enterprise & Canada","Canada Enterprise/Comm West",000609c1-da9d-95fc-6e97-7cc25581f0d1,"ipl-nutanixcls01",-,"-","-","Not Found"
"Inter Pipeline Fund",260fc08f-a64c-4e93-a409-9a635ae6a25f,"FMKLEP-BNS01","kGuestVM","on",2,700 GiB,12 GiB,12 GiB,false,2025-10-23,"Americas","Americas North Enterprise & Canada","Canada Enterprise/Comm West",00060f8d-51ce-5480-7165-7cc255072a2e,"iplp2-nutanixcls01",563bef1d-4115-4b97-ac8f-6c6c0b8d8c70,"HM224S000827","AHV","windows:64:WindowsServer2019Datacenter"
"Inter Pipeline Fund",37088b9c-78f9-43e6-a84f-ab2df774e85e,"FMKLEP-DCSJBP01","kGuestVM","on",2,100 GiB,16 GiB,16 GiB,false,2025-10-23,"Americas","Americas North Enterprise & Canada","Canada Enterprise/Comm West",00060f8d-51ce-5480-7165-7cc255072a2e,"iplp2-nutanixcls01",bc838fda-4f4a-4e41-acff-733d3cc1dce5,"HM224S001263","AHV","windows:64:WindowsServer2016Datacenter"
"Inter Pipeline Fund",296c92b8-4f2a-4efd-8297-468b26029381,"FMKLEP-DYNDSP01","kGuestVM","on",4,250 GiB,8 GiB,8 GiB,false,2025-10-23,"Americas","Americas North Enterprise & Canada","Canada Enterprise/Comm West",00060f8d-51ce-5480-7165-7cc255072a2e,"iplp2-nutanixcls01",bc838fda-4f4a-4e41-acff-733d3cc1dce5,"HM224S001263","AHV","windows:64:WindowsServer2016Standard"
"Inter Pipeline Fund",d9c867ff-dd17-41e8-bde9-b601d8f05469,"FMKLEP-NozomiCMC","kGuestVM","on",8,100 GiB,32 GiB,32 GiB,false,2025-10-23,"Americas","Americas North Enterprise & Canada","Canada Enterprise/Comm West",00060f8d-51ce-5480-7165-7cc255072a2e,"iplp2-nutanixcls01",d3051b30-b811-479c-a10d-f32526b87d0b,"HM224S001254","AHV","Not Found"
"Inter Pipeline Fund",4a4bb556-8245-40a4-8aea-1201b4360245,"FMKLEP-PIINP01","kGuestVM","on",2,80 GiB,8 GiB,8 GiB,false,2025-10-23,"Americas","Americas North Enterprise & Canada","Canada Enterprise/Comm West",00060f8d-51ce-5480-7165-7cc255072a2e,"iplp2-nutanixcls01",563bef1d-4115-4b97-ac8f-6c6c0b8d8c70,"HM224S000827","AHV","windows:64:WindowsServer2016Datacenter"
"Inter Pipeline Fund",4249d248-4e62-4169-8f51-da6d8e373294,"FMKLEP-PIINP02","kGuestVM","on",2,160 GiB,8 GiB,8 GiB,false,2025-10-23,"Americas","Americas North Enterprise & Canada","Canada Enterprise/Comm West",00060f8d-51ce-5480-7165-7cc255072a2e,"iplp2-nutanixcls01",bc838fda-4f4a-4e41-acff-733d3cc1dce5,"HM224S001263","AHV","windows:64:WindowsServer2016Datacenter"
"Inter Pipeline Fund",fa60a577-bf5b-4fe0-859f-8882e0968084,"FMKLEP-PLCEWS01","kGuestVM","on",2,280 GiB,8 GiB,8 GiB,false,2025-10-23,"Americas","Americas North Enterprise & Canada","Canada Enterprise/Comm West",00060f8d-51ce-5480-7165-7cc255072a2e,"iplp2-nutanixcls01",d3051b30-b811-479c-a10d-f32526b87d0b,"HM224S001254","AHV","windows:64:WindowsServer2012R2Datacenter"
"Inter Pipeline Fund",1d00bc58-6152-4372-a7ea-4690739defbe,"FMKLEP-PLCJBP01","kGuestVM","on",2,100 GiB,8 GiB,8 GiB,false,2025-10-23,"Americas","Americas North Enterprise & Canada","Canada Enterprise/Comm West",00060f8d-51ce-5480-7165-7cc255072a2e,"iplp2-nutanixcls01",d3051b30-b811-479c-a10d-f32526b87d0b,"HM224S001254","AHV","windows:64:WindowsServer2016Datacenter"
"Inter Pipeline Fund",fd204706-ea6a-4c31-bbc6-4f1360aa07f9,"FMMLEP-DCSJBP01","kGuestVM","on",2,80 GiB,8 GiB,8 GiB,false,2025-10-23,"Americas","Americas North Enterprise & Canada","Canada Enterprise/Comm West",00060e9b-e7e5-e852-5e9a-00e0ededd6a6,"iplp1-nutanixcls01",564a7717-a9a3-4064-8615-564f5390f415,"OM23AS019524","AHV","windows:64:WindowsServer2016Datacenter"
"Inter Pipeline Fund",64162a9a-d538-4958-8e6d-420fcb8118a9,"FMMLEP-DYNDSP01","kGuestVM","on",4,250 GiB,8 GiB,8 GiB,false,2025-10-23,"Americas","Americas North Enterprise & Canada","Canada Enterprise/Comm West",00060e9b-e7e5-e852-5e9a-00e0ededd6a6,"iplp1-nutanixcls01",8e95296a-c383-43ba-87b8-d022bdb6e6ac,"OM23AS019372","AHV","windows:64:WindowsServer2016Standard"
"Inter Pipeline Fund",393ae4ed-49d3-4a04-899c-266690e98026,"FMMLEP-MODP01 ","kGuestVM","on",2,100 GiB,12 GiB,12 GiB,false,2025-10-23,"Americas","Americas North Enterprise & Canada","Canada Enterprise/Comm West",00060e9b-e7e5-e852-5e9a-00e0ededd6a6,"iplp1-nutanixcls01",564a7717-a9a3-4064-8615-564f5390f415,"OM23AS019524","AHV","windows:64:WindowsServer2019Datacenter"
"Inter Pipeline Fund",183cf4ce-a7a5-40e2-b773-2a555ad02753,"FMMLEP-NozomiCMC","kGuestVM","on",8,100 GiB,32 GiB,32 GiB,false,2025-10-23,"Americas","Americas North Enterprise & Canada","Canada Enterprise/Comm West",00060e9b-e7e5-e852-5e9a-00e0ededd6a6,"iplp1-nutanixcls01",564a7717-a9a3-4064-8615-564f5390f415,"OM23AS019524","AHV","Not Found"
"Inter Pipeline Fund",5aa0f4fd-33e6-4d72-acd0-733b19abf8e4,"FMMLEP-PIINP01","kGuestVM","on",2,580 GiB,12 GiB,12 GiB,false,2025-10-23,"Americas","Americas North Enterprise & Canada","Canada Enterprise/Comm West",00060e9b-e7e5-e852-5e9a-00e0ededd6a6,"iplp1-nutanixcls01",8e95296a-c383-43ba-87b8-d022bdb6e6ac,"OM23AS019372","AHV","windows:64:WindowsServer2016Datacenter"
"Inter Pipeline Fund",6398c9d3-8792-4029-a0ca-1de19c9087a2,"FMMLEP-PIINP02","kGuestVM","on",2,160 GiB,8 GiB,8 GiB,false,2025-10-23,"Americas","Americas North Enterprise & Canada","Canada Enterprise/Comm West",00060e9b-e7e5-e852-5e9a-00e0ededd6a6,"iplp1-nutanixcls01",8e95296a-c383-43ba-87b8-d022bdb6e6ac,"OM23AS019372","AHV","windows:64:WindowsServer2016Datacenter"
"Inter Pipeline Fund",e20eb85b-3a24-4110-84e6-9f18810f12d3,"FMMLEP-SUNOPC01","kGuestVM","on",4,150 GiB,12 GiB,12 GiB,false,2025-10-23,"Americas","Americas North Enterprise & Canada","Canada Enterprise/Comm West",00060e9b-e7e5-e852-5e9a-00e0ededd6a6,"iplp1-nutanixcls01",8e95296a-c383-43ba-87b8-d022bdb6e6ac,"OM23AS019372","AHV","Not Found"
"Inter Pipeline Fund",a01e0c1e-bd95-4404-a70b-1ce6380f2284,"HPC-AMS","kGuestVM","on",2,100 GiB,16 GiB,16 GiB,false,2025-10-23,"Americas","Americas North Enterprise & Canada","Canada Enterprise/Comm West",00062b22-51fd-bd09-3dc3-7cc255815dc7,"iplhpc-nutanixcls01",f6408a29-2334-4e9c-8df5-b39ad3caf386,"HM234S001482","AHV","windows:64:Windows10Enterprise"
"Inter Pipeline Fund",05d8fad6-e220-498c-bc8e-9c2828b765c0,"HPC-ASPEN","kGuestVM","on",2,100 GiB,8 GiB,8 GiB,false,2025-10-23,"Americas","Americas North Enterprise & Canada","Canada Enterprise/Comm West",00062b22-51fd-bd09-3dc3-7cc255815dc7,"iplhpc-nutanixcls01",f9c0e06b-0b75-41b1-92fb-afb7f2dcbe35,"HM234S002409","AHV","windows:64:WindowsServer2019Datacenter"
"Inter Pipeline Fund",daadb76c-fc38-40f5-a3b8-c4c8259a9844,"HPC-BKPTEST01","kGuestVM","off",2,278 GiB,4 GiB,0.00 GiB,false,2025-10-23,"Americas","Americas North Enterprise & Canada","Canada Enterprise/Comm West",0006274a-7999-8126-4f01-6ebc42cd4bf1,"AZ-NC2CLS01",-,"-","-","Not Found"
"Inter Pipeline Fund",3d076ff5-b699-4dce-9b58-24cb551ed601,"HPC-BUMPSTN","kGuestVM","on",2,100 GiB,8 GiB,8 GiB,false,2025-10-23,"Americas","Americas North Enterprise & Canada","Canada Enterprise/Comm West",00062b22-51fd-bd09-3dc3-7cc255815dc7,"iplhpc-nutanixcls01",60e6e257-378f-4e35-b23c-72e5657ff4e8,"HM234S002311","AHV","windows:64:WindowsServer2019Datacenter"
"Inter Pipeline Fund",fd6946cd-d2bc-43b9-954b-199067040910,"HPC-CEMS","kGuestVM","on",2,100 GiB,8 GiB,8 GiB,false,2025-10-23,"Americas","Americas North Enterprise & Canada","Canada Enterprise/Comm West",00062b22-51fd-bd09-3dc3-7cc255815dc7,"iplhpc-nutanixcls01",bdeed0c2-0aa8-49ce-8c9a-b3fae48343b7,"HM234S002380","AHV","windows:64:Windows10Enterprise"
"Inter Pipeline Fund",b6e063d7-0c75-4d82-a4e5-70675fce2c7c,"HPC-CHROMAPPP01","kGuestVM","on",4,680 GiB,64 GiB,64 GiB,false,2025-10-23,"Americas","Americas North Enterprise & Canada","Canada Enterprise/Comm West",00062b22-51fd-bd09-3dc3-7cc255815dc7,"iplhpc-nutanixcls01",bdeed0c2-0aa8-49ce-8c9a-b3fae48343b7,"HM234S002380","AHV","windows:64:WindowsServer2016Datacenter"
"Inter Pipeline Fund",58213329-b7b8-40e1-906c-3cd5c621e69b,"HPC-CHROMAPPT01","kGuestVM","on",4,680 GiB,64 GiB,64 GiB,false,2025-10-23,"Americas","Americas North Enterprise & Canada","Canada Enterprise/Comm West",00062b22-51fd-bd09-3dc3-7cc255815dc7,"iplhpc-nutanixcls01",bdeed0c2-0aa8-49ce-8c9a-b3fae48343b7,"HM234S002380","AHV","windows:64:WindowsServer2016Datacenter"
"Inter Pipeline Fund",9cc46e86-4a24-44d7-aa04-8fc5e970e978,"HPC-CONDPOL","kGuestVM","on",2,100 GiB,8 GiB,8 GiB,false,2025-10-23,"Americas","Americas North Enterprise & Canada","Canada Enterprise/Comm West",00062b22-51fd-bd09-3dc3-7cc255815dc7,"iplhpc-nutanixcls01",60e6e257-378f-4e35-b23c-72e5657ff4e8,"HM234S002311","AHV","windows:64:Windows10Enterprise"
"Inter Pipeline Fund",68c5894a-a07e-4433-b41c-46f7803dd0f3,"HPCCST-AVP01","kGuestVM","on",2,550 GiB,8 GiB,8 GiB,false,2025-10-23,"Americas","Americas North Enterprise & Canada","Canada Enterprise/Comm West",00062b22-51fd-bd09-3dc3-7cc255815dc7,"iplhpc-nutanixcls01",f6408a29-2334-4e9c-8df5-b39ad3caf386,"HM234S001482","AHV","windows:64:WindowsServer2016Datacenter"
"Inter Pipeline Fund",95c7f2a8-035d-410f-88f4-30bf938414d1,"HPCCST-BKPP01","kGuestVM","on",4,13579 GiB,16 GiB,16 GiB,false,2025-10-23,"Americas","Americas North Enterprise & Canada","Canada Enterprise/Comm West",00062b22-51fd-bd09-3dc3-7cc255815dc7,"iplhpc-nutanixcls01",f9c0e06b-0b75-41b1-92fb-afb7f2dcbe35,"HM234S002409","AHV","windows:64:WindowsServer2016Datacenter"
"Inter Pipeline Fund",f5a5a8ec-400f-45c5-b950-2e6a642b632d,"HPCCST-PIAFP01","kGuestVM","on",8,180 GiB,32 GiB,32 GiB,false,2025-10-23,"Americas","Americas North Enterprise & Canada","Canada Enterprise/Comm West",00062b22-51fd-bd09-3dc3-7cc255815dc7,"iplhpc-nutanixcls01",f9c0e06b-0b75-41b1-92fb-afb7f2dcbe35,"HM234S002409","AHV","windows:64:WindowsServer2016Datacenter"
"Inter Pipeline Fund",bc4ebfa1-3c07-44b5-9eff-f18e529d30a1,"HPCCST-PIAFP02","kGuestVM","on",8,180 GiB,32 GiB,32 GiB,false,2025-10-23,"Americas","Americas North Enterprise & Canada","Canada Enterprise/Comm West",00062b22-51fd-bd09-3dc3-7cc255815dc7,"iplhpc-nutanixcls01",bdeed0c2-0aa8-49ce-8c9a-b3fae48343b7,"HM234S002380","AHV","windows:64:WindowsServer2016Datacenter"
"Inter Pipeline Fund",ead47015-367e-4f3e-afc1-4484b552e355,"HPCCST-PIAFT01","kGuestVM","on",12,180 GiB,32 GiB,32 GiB,false,2025-10-23,"Americas","Americas North Enterprise & Canada","Canada Enterprise/Comm West",00062b22-51fd-bd09-3dc3-7cc255815dc7,"iplhpc-nutanixcls01",f9c0e06b-0b75-41b1-92fb-afb7f2dcbe35,"HM234S002409","AHV","windows:64:WindowsServer2016Datacenter"
"Inter Pipeline Fund",175a7346-c527-46e3-a939-0b41ae8ad2e6,"HPCCST-PIHISP01","kGuestVM","on",16,3180 GiB,16 GiB,16 GiB,false,2025-10-23,"Americas","Americas North Enterprise & Canada","Canada Enterprise/Comm West",00062b22-51fd-bd09-3dc3-7cc255815dc7,"iplhpc-nutanixcls01",f9c0e06b-0b75-41b1-92fb-afb7f2dcbe35,"HM234S002409","AHV","windows:64:WindowsServer2016Datacenter"
"Inter Pipeline Fund",053c255d-e3a3-48ff-992f-edc28417d68b,"HPCCST-PIHISP02","kGuestVM","on",6,3180 GiB,16 GiB,16 GiB,false,2025-10-23,"Americas","Americas North Enterprise & Canada","Canada Enterprise/Comm West",00062b22-51fd-bd09-3dc3-7cc255815dc7,"iplhpc-nutanixcls01",f6408a29-2334-4e9c-8df5-b39ad3caf386,"HM234S001482","AHV","windows:64:WindowsServer2016Datacenter"
"Inter Pipeline Fund",e62b5c53-7609-4b3b-aae1-7e8a8f076118,"HPCCST-PIHIST01","kGuestVM","on",2,830 GiB,8 GiB,8 GiB,false,2025-10-23,"Americas","Americas North Enterprise & Canada","Canada Enterprise/Comm West",00062b22-51fd-bd09-3dc3-7cc255815dc7,"iplhpc-nutanixcls01",f6408a29-2334-4e9c-8df5-b39ad3caf386,"HM234S001482","AHV","windows:64:WindowsServer2016Datacenter"
"Inter Pipeline Fund",3a3b5488-4b04-4b4b-a334-efc8076edca2,"HPCCST-PIHIST02","kGuestVM","on",2,830 GiB,8 GiB,8 GiB,false,2025-10-23,"Americas","Americas North Enterprise & Canada","Canada Enterprise/Comm West",00062b22-51fd-bd09-3dc3-7cc255815dc7,"iplhpc-nutanixcls01",f9c0e06b-0b75-41b1-92fb-afb7f2dcbe35,"HM234S002409","AHV","windows:64:WindowsServer2016Datacenter"
"Inter Pipeline Fund",d3cdf50f-95ed-4be2-881d-fcea0d8527f5,"HPCCST-RDSGWP01","kGuestVM","on",2,330 GiB,8 GiB,8 GiB,false,2025-10-23,"Americas","Americas North Enterprise & Canada","Canada Enterprise/Comm West",00062b22-51fd-bd09-3dc3-7cc255815dc7,"iplhpc-nutanixcls01",f6408a29-2334-4e9c-8df5-b39ad3caf386,"HM234S001482","AHV","windows:64:WindowsServer2016Datacenter"
"Inter Pipeline Fund",5649582b-149a-4143-afc8-672de28d83b0,"HPC-EHT","kGuestVM","on",2,100 GiB,8 GiB,8 GiB,false,2025-10-23,"Americas","Americas North Enterprise & Canada","Canada Enterprise/Comm West",00062b22-51fd-bd09-3dc3-7cc255815dc7,"iplhpc-nutanixcls01",60e6e257-378f-4e35-b23c-72e5657ff4e8,"HM234S002311","AHV","windows:64:Windows10Enterprise"
"Inter Pipeline Fund",8f6545a7-1395-4adf-b506-d545c00152da,"HPC-FS03","kGuestVM","on",4,1280 GiB,8 GiB,8 GiB,false,2025-10-23,"Americas","Americas North Enterprise & Canada","Canada Enterprise/Comm West",00062b22-51fd-bd09-3dc3-7cc255815dc7,"iplhpc-nutanixcls01",f6408a29-2334-4e9c-8df5-b39ad3caf386,"HM234S001482","AHV","windows:64:WindowsServer2022Datacenter"
"Inter Pipeline Fund",d260df6e-32ce-4236-ba5a-d44870b5aa45,"HPC-GRACE","kGuestVM","on",2,100 GiB,8 GiB,8 GiB,false,2025-10-23,"Americas","Americas North Enterprise & Canada","Canada Enterprise/Comm West",00062b22-51fd-bd09-3dc3-7cc255815dc7,"iplhpc-nutanixcls01",f9c0e06b-0b75-41b1-92fb-afb7f2dcbe35,"HM234S002409","AHV","windows:64:WindowsServer2019Datacenter"
"Inter Pipeline Fund",237354cc-bae1-47ba-80a8-cb2b1bd9b7b5,"HPC-GW3","kGuestVM","on",2,100 GiB,12 GiB,12 GiB,false,2025-10-23,"Americas","Americas North Enterprise & Canada","Canada Enterprise/Comm West",00062b22-51fd-bd09-3dc3-7cc255815dc7,"iplhpc-nutanixcls01",60e6e257-378f-4e35-b23c-72e5657ff4e8,"HM234S002311","AHV","windows:64:Windows10Enterprise"
"Inter Pipeline Fund",f77b63a0-6c15-4f03-9e2c-6e42e84121e2,"hpc-inmatlcp02","kGuestVM","on",4,130 GiB,32 GiB,32 GiB,false,2025-10-23,"Americas","Americas North Enterprise & Canada","Canada Enterprise/Comm West",00062b22-51fd-bd09-3dc3-7cc255815dc7,"iplhpc-nutanixcls01",f6408a29-2334-4e9c-8df5-b39ad3caf386,"HM234S001482","AHV","windows:64:WindowsServer2019Datacenter"
"Inter Pipeline Fund",0d5505e7-58cf-4bef-ba38-57eb363f42a2,"hpc-inmatlct02","kGuestVM","on",2,130 GiB,8 GiB,8 GiB,false,2025-10-23,"Americas","Americas North Enterprise & Canada","Canada Enterprise/Comm West",00062b22-51fd-bd09-3dc3-7cc255815dc7,"iplhpc-nutanixcls01",f6408a29-2334-4e9c-8df5-b39ad3caf386,"HM234S001482","AHV","windows:64:WindowsServer2019Datacenter"
"Inter Pipeline Fund",41faa9e6-2170-4357-8297-246657024867,"hpc-inmatlrp03","kGuestVM","on",2,130 GiB,32 GiB,32 GiB,false,2025-10-23,"Americas","Americas North Enterprise & Canada","Canada Enterprise/Comm West",00062b22-51fd-bd09-3dc3-7cc255815dc7,"iplhpc-nutanixcls01",f6408a29-2334-4e9c-8df5-b39ad3caf386,"HM234S001482","AHV","windows:64:WindowsServer2019Datacenter"
"Inter Pipeline Fund",aefc7aa5-580d-4e83-8f62-de98f8e7e91e,"hpc-inmatlrt03","kGuestVM","on",2,130 GiB,32 GiB,32 GiB,false,2025-10-23,"Americas","Americas North Enterprise & Canada","Canada Enterprise/Comm West",00062b22-51fd-bd09-3dc3-7cc255815dc7,"iplhpc-nutanixcls01",60e6e257-378f-4e35-b23c-72e5657ff4e8,"HM234S002311","AHV","windows:64:WindowsServer2019Datacenter"
"Inter Pipeline Fund",42d6c258-3dc6-4c0c-bc4f-7d15fe0e8eec,"HPC-LMS","kGuestVM","on",2,100 GiB,16 GiB,16 GiB,false,2025-10-23,"Americas","Americas North Enterprise & Canada","Canada Enterprise/Comm West",00062b22-51fd-bd09-3dc3-7cc255815dc7,"iplhpc-nutanixcls01",f9c0e06b-0b75-41b1-92fb-afb7f2dcbe35,"HM234S002409","AHV","windows:64:WindowsServer2019Datacenter"
"Inter Pipeline Fund",0336bbf2-dcde-44d1-8981-92190bb9e8f0,"HPC-LOGMONP01","kGuestVM","on",2,80 GiB,16 GiB,16 GiB,false,2025-10-23,"Americas","Americas North Enterprise & Canada","Canada Enterprise/Comm West",00062b22-51fd-bd09-3dc3-7cc255815dc7,"iplhpc-nutanixcls01",f9c0e06b-0b75-41b1-92fb-afb7f2dcbe35,"HM234S002409","AHV","windows:64:WindowsServer2019Datacenter"
"Inter Pipeline Fund",b3d1c38d-fb70-4e91-906f-8b3feb01babd,"HPC-NozomiCMC","kGuestVM","on",8,100 GiB,32 GiB,32 GiB,false,2025-10-23,"Americas","Americas North Enterprise & Canada","Canada Enterprise/Comm West",00062b22-51fd-bd09-3dc3-7cc255815dc7,"iplhpc-nutanixcls01",60e6e257-378f-4e35-b23c-72e5657ff4e8,"HM234S002311","AHV","Not Found"
"Inter Pipeline Fund",fe092e45-3da2-4658-a435-1c9fec4f2230,"HPC-NTNXTST","kGuestVM","off",4,80 GiB,8 GiB,0.00 GiB,false,2025-10-23,"Americas","Americas North Enterprise & Canada","Canada Enterprise/Comm West",00062b22-51fd-bd09-3dc3-7cc255815dc7,"iplhpc-nutanixcls01",-,"-","-","Not Found"
"Inter Pipeline Fund",ed7ac451-4fc4-4622-be09-7e46dd232138,"HPC-OPNLBAPPP01","kGuestVM","on",8,1300 GiB,32 GiB,32 GiB,false,2025-10-23,"Americas","Americas North Enterprise & Canada","Canada Enterprise/Comm West",00062b22-51fd-bd09-3dc3-7cc255815dc7,"iplhpc-nutanixcls01",f9c0e06b-0b75-41b1-92fb-afb7f2dcbe35,"HM234S002409","AHV","windows:64:WindowsServer2019Datacenter"
"Inter Pipeline Fund",71ec03cd-a738-4a97-ab74-d451a402f9c5,"HPC-OPNLBAPPP02","kGuestVM","on",8,1300 GiB,32 GiB,32 GiB,false,2025-10-23,"Americas","Americas North Enterprise & Canada","Canada Enterprise/Comm West",00062b22-51fd-bd09-3dc3-7cc255815dc7,"iplhpc-nutanixcls01",bdeed0c2-0aa8-49ce-8c9a-b3fae48343b7,"HM234S002380","AHV","windows:64:WindowsServer2019Datacenter"
"Inter Pipeline Fund",560cefc2-7a03-446b-8d00-378c89f96d5e,"HPC-OPNLBAPPP02 - To be removed.  Do not power on","kGuestVM","off",8,1300 GiB,32 GiB,0.00 GiB,false,2025-10-23,"Americas","Americas North Enterprise & Canada","Canada Enterprise/Comm West",00062b22-51fd-bd09-3dc3-7cc255815dc7,"iplhpc-nutanixcls01",-,"-","-","windows:64:WindowsServer2019Datacenter"
"Inter Pipeline Fund",4f116cfb-18c9-4866-a532-c157084b6284,"HPC-OPNLBASB01","kGuestVM","on",8,1300 GiB,32 GiB,32 GiB,false,2025-10-23,"Americas","Americas North Enterprise & Canada","Canada Enterprise/Comm West",00062b22-51fd-bd09-3dc3-7cc255815dc7,"iplhpc-nutanixcls01",f9c0e06b-0b75-41b1-92fb-afb7f2dcbe35,"HM234S002409","AHV","windows:64:WindowsServer2019Datacenter"
"Inter Pipeline Fund",8c58de46-456a-4dbd-95c4-afdcccdcfb18,"HPC-OPNLBJMP","kGuestVM","on",2,80 GiB,8 GiB,8 GiB,false,2025-10-23,"Americas","Americas North Enterprise & Canada","Canada Enterprise/Comm West",00062b22-51fd-bd09-3dc3-7cc255815dc7,"iplhpc-nutanixcls01",60e6e257-378f-4e35-b23c-72e5657ff4e8,"HM234S002311","AHV","windows:64:WindowsServer2019Datacenter"
"Inter Pipeline Fund",ba079c73-34d9-4f49-bcc9-31006075fc7d,"HPC-OTS","kGuestVM","on",2,100 GiB,12 GiB,12 GiB,false,2025-10-23,"Americas","Americas North Enterprise & Canada","Canada Enterprise/Comm West",00062b22-51fd-bd09-3dc3-7cc255815dc7,"iplhpc-nutanixcls01",f6408a29-2334-4e9c-8df5-b39ad3caf386,"HM234S001482","AHV","windows:64:WindowsServer2019Datacenter"
"Inter Pipeline Fund",4e46c722-48e6-43f8-8790-6a43849856bf,"HPC-PEN","kGuestVM","on",2,100 GiB,16 GiB,16 GiB,false,2025-10-23,"Americas","Americas North Enterprise & Canada","Canada Enterprise/Comm West",00062b22-51fd-bd09-3dc3-7cc255815dc7,"iplhpc-nutanixcls01",bdeed0c2-0aa8-49ce-8c9a-b3fae48343b7,"HM234S002380","AHV","windows:64:Windows10Enterprise"
"Inter Pipeline Fund",dd72c657-179b-4d74-a26e-1c9fd1f6d310,"HPC-PIADMIN01","kGuestVM","on",4,100 GiB,8 GiB,8 GiB,false,2025-10-23,"Americas","Americas North Enterprise & Canada","Canada Enterprise/Comm West",00062b22-51fd-bd09-3dc3-7cc255815dc7,"iplhpc-nutanixcls01",60e6e257-378f-4e35-b23c-72e5657ff4e8,"HM234S002311","AHV","windows:64:Windows10Enterprise"
"Inter Pipeline Fund",38477829-79ba-4a55-886c-12a98b1a4fb8,"HPC-PIADMIN02","kGuestVM","on",2,80 GiB,8 GiB,8 GiB,false,2025-10-23,"Americas","Americas North Enterprise & Canada","Canada Enterprise/Comm West",00062b22-51fd-bd09-3dc3-7cc255815dc7,"iplhpc-nutanixcls01",f9c0e06b-0b75-41b1-92fb-afb7f2dcbe35,"HM234S002409","AHV","windows:64:WindowsServer2019Datacenter"
"Inter Pipeline Fund",52e4d625-f1d1-4eee-a851-7ebefb42cb09,"HPC-PIADMIN03","kGuestVM","on",2,80 GiB,8 GiB,8 GiB,false,2025-10-23,"Americas","Americas North Enterprise & Canada","Canada Enterprise/Comm West",00062b22-51fd-bd09-3dc3-7cc255815dc7,"iplhpc-nutanixcls01",f6408a29-2334-4e9c-8df5-b39ad3caf386,"HM234S001482","AHV","windows:64:WindowsServer2019Datacenter"
"Inter Pipeline Fund",3b03bd07-95dd-48ca-bf38-d2ccdf1f4b1f,"HPC-PIMGXAPPP01","kGuestVM","on",4,120 GiB,8 GiB,8 GiB,false,2025-10-23,"Americas","Americas North Enterprise & Canada","Canada Enterprise/Comm West",00062b22-51fd-bd09-3dc3-7cc255815dc7,"iplhpc-nutanixcls01",60e6e257-378f-4e35-b23c-72e5657ff4e8,"HM234S002311","AHV","windows:64:WindowsServer2019Datacenter"
"Inter Pipeline Fund",0e8b8d64-f864-4319-8fb1-1e6ecd5f6be5,"HPC-PLCCOPERION","kGuestVM","on",2,100 GiB,16 GiB,16 GiB,false,2025-10-23,"Americas","Americas North Enterprise & Canada","Canada Enterprise/Comm West",00062b22-51fd-bd09-3dc3-7cc255815dc7,"iplhpc-nutanixcls01",60e6e257-378f-4e35-b23c-72e5657ff4e8,"HM234S002311","AHV","windows:64:Windows10Enterprise"
"Inter Pipeline Fund",529939c1-66da-4f3a-a5b5-701190c814a6,"HPC-PLCCRYOSTAR","kGuestVM","on",2,100 GiB,4 GiB,4 GiB,false,2025-10-23,"Americas","Americas North Enterprise & Canada","Canada Enterprise/Comm West",00062b22-51fd-bd09-3dc3-7cc255815dc7,"iplhpc-nutanixcls01",f6408a29-2334-4e9c-8df5-b39ad3caf386,"HM234S001482","AHV","windows:64:Windows10Enterprise"
"Inter Pipeline Fund",b0203ba3-85e8-4050-9d5f-41a887a7184a,"HPC-PLCEVOQA","kGuestVM","on",2,100 GiB,16 GiB,16 GiB,false,2025-10-23,"Americas","Americas North Enterprise & Canada","Canada Enterprise/Comm West",00062b22-51fd-bd09-3dc3-7cc255815dc7,"iplhpc-nutanixcls01",60e6e257-378f-4e35-b23c-72e5657ff4e8,"HM234S002311","AHV","windows:64:Windows10Enterprise"
"Inter Pipeline Fund",8064f10c-1ff6-45aa-b875-3a7bc0b3fbce,"HPC-PLCHRSG","kGuestVM","on",2,130 GiB,16 GiB,16 GiB,false,2025-10-23,"Americas","Americas North Enterprise & Canada","Canada Enterprise/Comm West",00062b22-51fd-bd09-3dc3-7cc255815dc7,"iplhpc-nutanixcls01",f9c0e06b-0b75-41b1-92fb-afb7f2dcbe35,"HM234S002409","AHV","windows:64:Windows10Enterprise"
"Inter Pipeline Fund",66dc7c97-9653-4663-9f6a-535f9bc80e1f,"HPC-PLCOQBMS","kGuestVM","on",2,100 GiB,8 GiB,8 GiB,false,2025-10-23,"Americas","Americas North Enterprise & Canada","Canada Enterprise/Comm West",00062b22-51fd-bd09-3dc3-7cc255815dc7,"iplhpc-nutanixcls01",60e6e257-378f-4e35-b23c-72e5657ff4e8,"HM234S002311","AHV","windows:64:Windows10Enterprise"
"Inter Pipeline Fund",314baa15-8617-4339-a5f0-43417ffbc1b0,"HPC-PLCOQBMS2","kGuestVM","on",2,100 GiB,8 GiB,8 GiB,false,2025-10-23,"Americas","Americas North Enterprise & Canada","Canada Enterprise/Comm West",00062b22-51fd-bd09-3dc3-7cc255815dc7,"iplhpc-nutanixcls01",60e6e257-378f-4e35-b23c-72e5657ff4e8,"HM234S002311","AHV","windows:64:Windows10Enterprise"
"Inter Pipeline Fund",add91edd-9f8f-43b2-bcdc-b7c8612a346e,"HPC-PLCOQBMS3","kGuestVM","on",4,100 GiB,8 GiB,8 GiB,false,2025-10-23,"Americas","Americas North Enterprise & Canada","Canada Enterprise/Comm West",00062b22-51fd-bd09-3dc3-7cc255815dc7,"iplhpc-nutanixcls01",f6408a29-2334-4e9c-8df5-b39ad3caf386,"HM234S001482","AHV","windows:64:WindowsServer2022Datacenter"
"Inter Pipeline Fund",38f7af98-1ceb-4db7-86ab-b9dc5a9665e1,"HPC-PLCPAS","kGuestVM","on",2,100 GiB,8 GiB,8 GiB,false,2025-10-23,"Americas","Americas North Enterprise & Canada","Canada Enterprise/Comm West",00062b22-51fd-bd09-3dc3-7cc255815dc7,"iplhpc-nutanixcls01",bdeed0c2-0aa8-49ce-8c9a-b3fae48343b7,"HM234S002380","AHV","windows:64:Windows10Enterprise"
"Inter Pipeline Fund",2d1f5ad1-6c92-4d86-aa26-37a7e12e345e,"HPC-PLCPDS","kGuestVM","on",2,100 GiB,16 GiB,16 GiB,false,2025-10-23,"Americas","Americas North Enterprise & Canada","Canada Enterprise/Comm West",00062b22-51fd-bd09-3dc3-7cc255815dc7,"iplhpc-nutanixcls01",f6408a29-2334-4e9c-8df5-b39ad3caf386,"HM234S001482","AHV","windows:64:Windows10Enterprise"
"Inter Pipeline Fund",f7cfbd9a-e962-4ff0-9b4f-f6fd2d9d45ed,"HPC-PLCPELETRON","kGuestVM","on",2,100 GiB,8 GiB,8 GiB,false,2025-10-23,"Americas","Americas North Enterprise & Canada","Canada Enterprise/Comm West",00062b22-51fd-bd09-3dc3-7cc255815dc7,"iplhpc-nutanixcls01",bdeed0c2-0aa8-49ce-8c9a-b3fae48343b7,"HM234S002380","AHV","windows:64:Windows10Enterprise"
"Inter Pipeline Fund",366cb1f9-4907-43fe-9441-e929657e7c74,"HPC-PLCPROGEXT","kGuestVM","on",2,100 GiB,16 GiB,16 GiB,false,2025-10-23,"Americas","Americas North Enterprise & Canada","Canada Enterprise/Comm West",00062b22-51fd-bd09-3dc3-7cc255815dc7,"iplhpc-nutanixcls01",bdeed0c2-0aa8-49ce-8c9a-b3fae48343b7,"HM234S002380","AHV","windows:64:Windows10Enterprise"
"Inter Pipeline Fund",45e2faab-c6d5-42c7-a939-b8fd73f00dc7,"HPC-PLCPROGNOST","kGuestVM","on",4,80 GiB,16 GiB,16 GiB,false,2025-10-23,"Americas","Americas North Enterprise & Canada","Canada Enterprise/Comm West",00062b22-51fd-bd09-3dc3-7cc255815dc7,"iplhpc-nutanixcls01",60e6e257-378f-4e35-b23c-72e5657ff4e8,"HM234S002311","AHV","windows:64:WindowsServer2019Datacenter"
"Inter Pipeline Fund",f8043b0c-cf82-42df-80e6-419c6e72f074,"HPC-PLCPSA","kGuestVM","on",2,100 GiB,8 GiB,8 GiB,false,2025-10-23,"Americas","Americas North Enterprise & Canada","Canada Enterprise/Comm West",00062b22-51fd-bd09-3dc3-7cc255815dc7,"iplhpc-nutanixcls01",bdeed0c2-0aa8-49ce-8c9a-b3fae48343b7,"HM234S002380","AHV","windows:64:Windows10Enterprise"
"Inter Pipeline Fund",f7637eca-1147-47b1-9afb-0414c5071971,"HPC-PLCTRIELL","kGuestVM","on",2,100 GiB,8 GiB,8 GiB,false,2025-10-23,"Americas","Americas North Enterprise & Canada","Canada Enterprise/Comm West",00062b22-51fd-bd09-3dc3-7cc255815dc7,"iplhpc-nutanixcls01",f9c0e06b-0b75-41b1-92fb-afb7f2dcbe35,"HM234S002409","AHV","windows:64:Windows10Enterprise"
"Inter Pipeline Fund",d5188ecb-1200-4211-8d7d-0eb935df6a16,"HPC-PLCUOP","kGuestVM","on",2,100 GiB,8 GiB,8 GiB,false,2025-10-23,"Americas","Americas North Enterprise & Canada","Canada Enterprise/Comm West",00062b22-51fd-bd09-3dc3-7cc255815dc7,"iplhpc-nutanixcls01",60e6e257-378f-4e35-b23c-72e5657ff4e8,"HM234S002311","AHV","windows:64:Windows10Enterprise"
"Inter Pipeline Fund",c52c6f96-c407-42c4-aa39-cf2605ef8115,"HPC-PSP02","kGuestVM","on",4,80 GiB,8 GiB,8 GiB,false,2025-10-23,"Americas","Americas North Enterprise & Canada","Canada Enterprise/Comm West",00062b22-51fd-bd09-3dc3-7cc255815dc7,"iplhpc-nutanixcls01",60e6e257-378f-4e35-b23c-72e5657ff4e8,"HM234S002311","AHV","windows:64:WindowsServer2019Datacenter"
"Inter Pipeline Fund",ff47450f-9cb3-4e10-b070-c4f1572a2bd4,"HPC-RADADMP01","kGuestVM","off",2,80 GiB,8 GiB,0.00 GiB,false,2025-10-23,"Americas","Americas North Enterprise & Canada","Canada Enterprise/Comm West",00062b22-51fd-bd09-3dc3-7cc255815dc7,"iplhpc-nutanixcls01",-,"-","-","windows:64:WindowsServer2019Datacenter"
"Inter Pipeline Fund",83773ddc-41ae-4e0b-b90d-81406362fd4f,"HPC-RMP01","kGuestVM","on",4,300 GiB,16 GiB,16 GiB,false,2025-10-23,"Americas","Americas North Enterprise & Canada","Canada Enterprise/Comm West",00062b22-51fd-bd09-3dc3-7cc255815dc7,"iplhpc-nutanixcls01",60e6e257-378f-4e35-b23c-72e5657ff4e8,"HM234S002311","AHV","windows:64:WindowsServer2019Datacenter"
"Inter Pipeline Fund",24c6c67d-e33a-4d6a-9358-faf77e51b9df,"HPC-SENTINELVM","kGuestVM","on",2,120 GiB,8 GiB,8 GiB,false,2025-10-23,"Americas","Americas North Enterprise & Canada","Canada Enterprise/Comm West",00062b22-51fd-bd09-3dc3-7cc255815dc7,"iplhpc-nutanixcls01",f6408a29-2334-4e9c-8df5-b39ad3caf386,"HM234S001482","AHV","windows:64:Windows10Enterprise"
"Inter Pipeline Fund",766d3b0c-af28-4211-874b-a3e4a9299149,"HPC-SMGRAPPP01","kGuestVM","on",16,160 GiB,32 GiB,32 GiB,false,2025-10-23,"Americas","Americas North Enterprise & Canada","Canada Enterprise/Comm West",00062b22-51fd-bd09-3dc3-7cc255815dc7,"iplhpc-nutanixcls01",f6408a29-2334-4e9c-8df5-b39ad3caf386,"HM234S001482","AHV","windows:64:WindowsServer2016Datacenter"
"Inter Pipeline Fund",081ce62c-5bf6-47cd-828d-e86809f78245,"HPC-SMGRAPPP01-0813","kGuestVM","off",16,160 GiB,32 GiB,0.00 GiB,false,2025-10-23,"Americas","Americas North Enterprise & Canada","Canada Enterprise/Comm West",00062b22-51fd-bd09-3dc3-7cc255815dc7,"iplhpc-nutanixcls01",-,"-","-","Not Found"
"Inter Pipeline Fund",2503486c-4588-4ce5-a538-2efbfc426b03,"HPC-SMGRAPPP02","kGuestVM","on",4,160 GiB,8 GiB,8 GiB,false,2025-10-23,"Americas","Americas North Enterprise & Canada","Canada Enterprise/Comm West",00062b22-51fd-bd09-3dc3-7cc255815dc7,"iplhpc-nutanixcls01",bdeed0c2-0aa8-49ce-8c9a-b3fae48343b7,"HM234S002380","AHV","windows:64:WindowsServer2016Datacenter"
"Inter Pipeline Fund",ed0baec7-45df-4e95-9813-261c9e92e92c,"HPC-SMGRAPPT01","kGuestVM","on",4,160 GiB,8 GiB,8 GiB,false,2025-10-23,"Americas","Americas North Enterprise & Canada","Canada Enterprise/Comm West",00062b22-51fd-bd09-3dc3-7cc255815dc7,"iplhpc-nutanixcls01",bdeed0c2-0aa8-49ce-8c9a-b3fae48343b7,"HM234S002380","AHV","windows:64:WindowsServer2016Datacenter"
"Inter Pipeline Fund",ad00922f-2616-4cae-88fa-92b3e20c7e8f,"HPC-SMGRAPPT02","kGuestVM","on",4,160 GiB,8 GiB,8 GiB,false,2025-10-23,"Americas","Americas North Enterprise & Canada","Canada Enterprise/Comm West",00062b22-51fd-bd09-3dc3-7cc255815dc7,"iplhpc-nutanixcls01",f9c0e06b-0b75-41b1-92fb-afb7f2dcbe35,"HM234S002409","AHV","windows:64:WindowsServer2016Datacenter"
"Inter Pipeline Fund",ddabc8fd-8afd-43aa-bbc4-32f8f7ab0b99,"HPC-SYSONE01","kGuestVM","on",4,80 GiB,16 GiB,16 GiB,false,2025-10-23,"Americas","Americas North Enterprise & Canada","Canada Enterprise/Comm West",00062b22-51fd-bd09-3dc3-7cc255815dc7,"iplhpc-nutanixcls01",f6408a29-2334-4e9c-8df5-b39ad3caf386,"HM234S001482","AHV","windows:64:WindowsServer2019Datacenter"
"Inter Pipeline Fund",0a77485a-28c4-4557-b851-e291c5709b3c,"IPF2K19","kGuestVM","on",4,80 GiB,12 GiB,12 GiB,false,2025-10-23,"Americas","Americas North Enterprise & Canada","Canada Enterprise/Comm West",00060e87-b089-acec-47b7-00e0ededb161,"iplsp-nutanixcls01",385820c3-fac3-4133-b6da-fb0eeacd9bd2,"OM23AS019214","AHV","windows:64:WindowsServer2019Datacenter"
"Inter Pipeline Fund",fc4174b6-05c7-45b7-8700-312b114f7e66,"IPL-AADCONP01","kGuestVM","on",4,200 GiB,32 GiB,32 GiB,false,2025-10-23,"Americas","Americas North Enterprise & Canada","Canada Enterprise/Comm West",000609c1-da9d-95fc-6e97-7cc25581f0d1,"ipl-nutanixcls01",2b22f8e2-caee-4c9d-a834-bdaec8df6b93,"HM238S003505","AHV","windows:64:WindowsServer2016Datacenter"
"Inter Pipeline Fund",28b74ec2-551b-4457-979f-ca1e4ce6a77f,"IPL-AFSFST01","kGuestVM","on",28,700 GiB,64 GiB,64 GiB,false,2025-10-23,"Americas","Americas North Enterprise & Canada","Canada Enterprise/Comm West",000609c1-da9d-95fc-6e97-7cc25581f0d1,"ipl-nutanixcls01",c3e7499b-0d9b-4fb8-9385-b74c31e17020,"HM238S003653","AHV","windows:64:WindowsServer2019Datacenter"
"Inter Pipeline Fund",40b22cf6-0708-402d-b6dc-967f760cff7d,"IPL-AFSFST02","kGuestVM","on",28,800 GiB,32 GiB,32 GiB,false,2025-10-23,"Americas","Americas North Enterprise & Canada","Canada Enterprise/Comm West",000609c1-da9d-95fc-6e97-7cc25581f0d1,"ipl-nutanixcls01",2b91f859-c756-4178-9554-485e3fc70c41,"HM238S003558","AHV","windows:64:WindowsServer2019Datacenter"
"Inter Pipeline Fund",9f14e257-48a4-4e7c-ba1d-b2ee3f642b56,"IPL-AlertDPA","kGuestVM","on",4,80 GiB,8 GiB,8 GiB,false,2025-10-23,"Americas","Americas North Enterprise & Canada","Canada Enterprise/Comm West",000609c1-da9d-95fc-6e97-7cc25581f0d1,"ipl-nutanixcls01",2b91f859-c756-4178-9554-485e3fc70c41,"HM238S003558","AHV","windows:64:WindowsServer2019Datacenter"
"Inter Pipeline Fund",f33de3c5-c3d7-46d0-8b98-aab27cefa23e,"IPL-ALERTMON","kGuestVM","on",16,190 GiB,64 GiB,64 GiB,false,2025-10-23,"Americas","Americas North Enterprise & Canada","Canada Enterprise/Comm West",000609c1-da9d-95fc-6e97-7cc25581f0d1,"ipl-nutanixcls01",75ee3ee3-7fda-4c64-8114-16523cdbac5e,"HM238S003680","AHV","Not Found"
"Inter Pipeline Fund",24e9520a-6b0a-4f0d-9a12-beb466143acd,"IPL-ALERTNCM","kGuestVM","on",4,530 GiB,8 GiB,8 GiB,false,2025-10-23,"Americas","Americas North Enterprise & Canada","Canada Enterprise/Comm West",000609c1-da9d-95fc-6e97-7cc25581f0d1,"ipl-nutanixcls01",c3e7499b-0d9b-4fb8-9385-b74c31e17020,"HM238S003653","AHV","windows:64:WindowsServer2019Datacenter"
"Inter Pipeline Fund",27a22c22-1cb1-46a8-b8f4-d440c1f41618,"IPL-APPPROXY01","kGuestVM","on",4,80 GiB,8 GiB,8 GiB,false,2025-10-23,"Americas","Americas North Enterprise & Canada","Canada Enterprise/Comm West",000609c1-da9d-95fc-6e97-7cc25581f0d1,"ipl-nutanixcls01",75ee3ee3-7fda-4c64-8114-16523cdbac5e,"HM238S003680","AHV","windows:64:WindowsServer2016Datacenter"
"Inter Pipeline Fund",bf4ba7c0-c24f-4dbb-8ebb-3205f723c3d0,"iplaz-ntxmove01","kGuestVM","on",4,50 GiB,8 GiB,8 GiB,false,2025-10-23,"Americas","Americas North Enterprise & Canada","Canada Enterprise/Comm West",0006274a-7999-8126-4f01-6ebc42cd4bf1,"AZ-NC2CLS01",c2c95f3d-308b-4299-92d8-1574b208ad73,"6CPS753","AHV","Not Found"
"Inter Pipeline Fund",f51c6782-d534-437c-b63e-54958e2adeea,"IPL-AZUREMIG02","kGuestVM","on",2,80 GiB,8 GiB,8 GiB,false,2025-10-23,"Americas","Americas North Enterprise & Canada","Canada Enterprise/Comm West",000609c1-da9d-95fc-6e97-7cc25581f0d1,"ipl-nutanixcls01",2b22f8e2-caee-4c9d-a834-bdaec8df6b93,"HM238S003505","AHV","windows:64:WindowsServer2019Datacenter"
"Inter Pipeline Fund",5eb7004c-0c76-4ef3-a021-5b6c4f2c599f,"IPL-BOMGARP02","kGuestVM","on",4,132 GiB,16 GiB,16 GiB,false,2025-10-23,"Americas","Americas North Enterprise & Canada","Canada Enterprise/Comm West",000609c1-da9d-95fc-6e97-7cc25581f0d1,"ipl-nutanixcls01",c3e7499b-0d9b-4fb8-9385-b74c31e17020,"HM238S003653","AHV","Not Found"
"Inter Pipeline Fund",d9d2ecdf-e7af-4bfb-9bdc-e5791cf001b1,"IPL-BOMGARP03","kGuestVM","on",4,132 GiB,16 GiB,16 GiB,false,2025-10-23,"Americas","Americas North Enterprise & Canada","Canada Enterprise/Comm West",000609c1-da9d-95fc-6e97-7cc25581f0d1,"ipl-nutanixcls01",2b22f8e2-caee-4c9d-a834-bdaec8df6b93,"HM238S003505","AHV","Not Found"
"Inter Pipeline Fund",ae904e15-af64-4d91-bea2-85a29e37bf83,"IPLCEP-BMGRJP02","kGuestVM","on",2,80 GiB,8 GiB,8 GiB,false,2025-10-23,"Americas","Americas North Enterprise & Canada","Canada Enterprise/Comm West",000609c1-da9d-95fc-6e97-7cc25581f0d1,"ipl-nutanixcls01",2b22f8e2-caee-4c9d-a834-bdaec8df6b93,"HM238S003505","AHV","windows:64:WindowsServer2022Datacenter"
"Inter Pipeline Fund",7bfffe58-3148-4fc4-9d8a-19480aed72f0,"IPL-CIFSBKP01","kGuestVM","off",8,650 GiB,8 GiB,0.00 GiB,false,2025-10-23,"Americas","Americas North Enterprise & Canada","Canada Enterprise/Comm West",000609c1-da9d-95fc-6e97-7cc25581f0d1,"ipl-nutanixcls01",-,"-","-","windows:64:WindowsServer2016Datacenter"
"Inter Pipeline Fund",17936846-2047-411e-aa1f-21edb653f5f1,"IPL-CIFSBKP02","kGuestVM","off",4,625 GiB,12 GiB,0.00 GiB,false,2025-10-23,"Americas","Americas North Enterprise & Canada","Canada Enterprise/Comm West",000609c1-da9d-95fc-6e97-7cc25581f0d1,"ipl-nutanixcls01",-,"-","-","windows:64:WindowsServer2019Datacenter"
"Inter Pipeline Fund",e2613572-6c0b-421e-b844-e1661b8f6131,"IPL-CSPCP01","kGuestVM","on",16,250 GiB,4 GiB,4 GiB,false,2025-10-23,"Americas","Americas North Enterprise & Canada","Canada Enterprise/Comm West",000609c1-da9d-95fc-6e97-7cc25581f0d1,"ipl-nutanixcls01",c3e7499b-0d9b-4fb8-9385-b74c31e17020,"HM238S003653","AHV","Not Found"
"Inter Pipeline Fund",7942db14-5f43-48a9-af88-2273d1fbc869,"IPL-DC01","kGuestVM","on",4,80 GiB,8 GiB,8 GiB,false,2025-10-23,"Americas","Americas North Enterprise & Canada","Canada Enterprise/Comm West",000609c1-da9d-95fc-6e97-7cc25581f0d1,"ipl-nutanixcls01",2b22f8e2-caee-4c9d-a834-bdaec8df6b93,"HM238S003505","AHV","windows:64:WindowsServer2019Datacenter"
"Inter Pipeline Fund",e43298d0-eadf-460b-8a42-831a9ac96663,"IPL-DC02","kGuestVM","on",4,80 GiB,8 GiB,8 GiB,false,2025-10-23,"Americas","Americas North Enterprise & Canada","Canada Enterprise/Comm West",000609c1-da9d-95fc-6e97-7cc25581f0d1,"ipl-nutanixcls01",2b91f859-c756-4178-9554-485e3fc70c41,"HM238S003558","AHV","windows:64:WindowsServer2019Datacenter"
"Inter Pipeline Fund",9d4210a5-2909-4a09-a673-dc7655271c4e,"IPL-DHCPP01","kGuestVM","on",1,80 GiB,4 GiB,4 GiB,false,2025-10-23,"Americas","Americas North Enterprise & Canada","Canada Enterprise/Comm West",000609c1-da9d-95fc-6e97-7cc25581f0d1,"ipl-nutanixcls01",2b91f859-c756-4178-9554-485e3fc70c41,"HM238S003558","AHV","windows:64:WindowsServer2019Datacenter"
"Inter Pipeline Fund",c1b745ef-b9d5-4cc0-9aa7-1e69f31b410a,"IPL-DHCPP03","kGuestVM","on",1,80 GiB,4 GiB,4 GiB,false,2025-10-23,"Americas","Americas North Enterprise & Canada","Canada Enterprise/Comm West",000609c1-da9d-95fc-6e97-7cc25581f0d1,"ipl-nutanixcls01",75ee3ee3-7fda-4c64-8114-16523cdbac5e,"HM238S003680","AHV","windows:64:WindowsServer2019Datacenter"
"Inter Pipeline Fund",bf5f8d0e-5de8-4092-829d-8bc20fc3bd2e,"IPL-DYNMRSP01","kGuestVM","on",4,250 GiB,8 GiB,8 GiB,false,2025-10-23,"Americas","Americas North Enterprise & Canada","Canada Enterprise/Comm West",000609c1-da9d-95fc-6e97-7cc25581f0d1,"ipl-nutanixcls01",75ee3ee3-7fda-4c64-8114-16523cdbac5e,"HM238S003680","AHV","windows:64:WindowsServer2016Standard"
"Inter Pipeline Fund",9e27eb02-2a06-42dd-a2c7-a49cc75a52d7,"IPL-ENGRECP01","kGuestVM","on",2,330 GiB,8 GiB,8 GiB,false,2025-10-23,"Americas","Americas North Enterprise & Canada","Canada Enterprise/Comm West",000609c1-da9d-95fc-6e97-7cc25581f0d1,"ipl-nutanixcls01",c3e7499b-0d9b-4fb8-9385-b74c31e17020,"HM238S003653","AHV","windows:64:WindowsServer2016Datacenter"
"Inter Pipeline Fund",78ba88ee-2d87-4b71-ba62-b8fbf85da0d3,"IPL-ENGWEBP01","kGuestVM","on",2,130 GiB,8 GiB,8 GiB,false,2025-10-23,"Americas","Americas North Enterprise & Canada","Canada Enterprise/Comm West",000609c1-da9d-95fc-6e97-7cc25581f0d1,"ipl-nutanixcls01",2b91f859-c756-4178-9554-485e3fc70c41,"HM238S003558","AHV","windows:64:WindowsServer2016Datacenter"
"Inter Pipeline Fund",517f0941-621b-475c-98b4-4836694c7783,"IPL-FPMC01","kGuestVM","on",8,250 GiB,32 GiB,32 GiB,false,2025-10-23,"Americas","Americas North Enterprise & Canada","Canada Enterprise/Comm West",000609c1-da9d-95fc-6e97-7cc25581f0d1,"ipl-nutanixcls01",75ee3ee3-7fda-4c64-8114-16523cdbac5e,"HM238S003680","AHV","Not Found"
"Inter Pipeline Fund",0d5e833c-8c7b-436e-84d1-86c3313edc3c,"IPL-FTPP01","kGuestVM","on",4,1194 GiB,16 GiB,16 GiB,false,2025-10-23,"Americas","Americas North Enterprise & Canada","Canada Enterprise/Comm West",000609c1-da9d-95fc-6e97-7cc25581f0d1,"ipl-nutanixcls01",2b91f859-c756-4178-9554-485e3fc70c41,"HM238S003558","AHV","Not Found"
"Inter Pipeline Fund",12e9ff20-78a8-422a-b63b-0e3fe7ae85d2,"IPL-HPANALYTICS","kGuestVM","on",4,260 GiB,16 GiB,16 GiB,false,2025-10-23,"Americas","Americas North Enterprise & Canada","Canada Enterprise/Comm West",000609c1-da9d-95fc-6e97-7cc25581f0d1,"ipl-nutanixcls01",2b91f859-c756-4178-9554-485e3fc70c41,"HM238S003558","AHV","windows:64:WindowsServer2019Datacenter"
"Inter Pipeline Fund",67cfe37a-b9cd-47bf-ae7a-0f4b1645261f,"IPLHPC-BMGRJP01","kGuestVM","on",2,80 GiB,8 GiB,8 GiB,false,2025-10-23,"Americas","Americas North Enterprise & Canada","Canada Enterprise/Comm West",00062b22-51fd-bd09-3dc3-7cc255815dc7,"iplhpc-nutanixcls01",f6408a29-2334-4e9c-8df5-b39ad3caf386,"HM234S001482","AHV","windows:64:WindowsServer2019Datacenter"
"Inter Pipeline Fund",14821dad-e282-4281-b459-4596fe5913ee,"IPLHPC-BMSP01","kGuestVM","on",4,270 GiB,8 GiB,8 GiB,false,2025-10-23,"Americas","Americas North Enterprise & Canada","Canada Enterprise/Comm West",00062b22-51fd-bd09-3dc3-7cc255815dc7,"iplhpc-nutanixcls01",60e6e257-378f-4e35-b23c-72e5657ff4e8,"HM234S002311","AHV","windows:64:WindowsServer2016Datacenter"
"Inter Pipeline Fund",a8fb6b8a-71e1-4764-b181-4ced9fa41e4f,"IPLHPC-DC02","kGuestVM","on",4,80 GiB,8 GiB,8 GiB,false,2025-10-23,"Americas","Americas North Enterprise & Canada","Canada Enterprise/Comm West",00062b22-51fd-bd09-3dc3-7cc255815dc7,"iplhpc-nutanixcls01",f6408a29-2334-4e9c-8df5-b39ad3caf386,"HM234S001482","AHV","windows:64:WindowsServer2019Datacenter"
"Inter Pipeline Fund",e21a7866-2c5d-4b2e-8617-8f9c16c4f2a3,"IPLHPC-FS01","kGuestVM","on",2,630 GiB,16 GiB,16 GiB,false,2025-10-23,"Americas","Americas North Enterprise & Canada","Canada Enterprise/Comm West",00062b22-51fd-bd09-3dc3-7cc255815dc7,"iplhpc-nutanixcls01",bdeed0c2-0aa8-49ce-8c9a-b3fae48343b7,"HM234S002380","AHV","windows:64:WindowsServer2019Datacenter"
"Inter Pipeline Fund",460ef2f8-a14f-4e5f-93e6-3114dd8ebec7,"IPLHPC-HPPS01","kGuestVM","on",2,180 GiB,8 GiB,8 GiB,false,2025-10-23,"Americas","Americas North Enterprise & Canada","Canada Enterprise/Comm West",00062b22-51fd-bd09-3dc3-7cc255815dc7,"iplhpc-nutanixcls01",bdeed0c2-0aa8-49ce-8c9a-b3fae48343b7,"HM234S002380","AHV","windows:64:WindowsServer2019Datacenter"
"Inter Pipeline Fund",e99603fd-3bb7-4c59-8498-aac0649214a3,"IPLHPC-IPXY01","kGuestVM","on",2,80 GiB,8 GiB,8 GiB,false,2025-10-23,"Americas","Americas North Enterprise & Canada","Canada Enterprise/Comm West",00062b22-51fd-bd09-3dc3-7cc255815dc7,"iplhpc-nutanixcls01",60e6e257-378f-4e35-b23c-72e5657ff4e8,"HM234S002311","AHV","windows:64:WindowsServer2019Datacenter"
"Inter Pipeline Fund",6bba4b3e-9222-4f3d-8b38-a107d3d61ef0," IPLHPCL3-DC03","kGuestVM","on",4,80 GiB,8 GiB,8 GiB,false,2025-10-23,"Americas","Americas North Enterprise & Canada","Canada Enterprise/Comm West",00062b22-51fd-bd09-3dc3-7cc255815dc7,"iplhpc-nutanixcls01",60e6e257-378f-4e35-b23c-72e5657ff4e8,"HM234S002311","AHV","windows:64:WindowsServer2019Datacenter"
"Inter Pipeline Fund",7c3c4226-ae66-4cd7-af91-1c6119fbaf87," IPLHPCL3-DC04","kGuestVM","on",4,80 GiB,8 GiB,8 GiB,false,2025-10-23,"Americas","Americas North Enterprise & Canada","Canada Enterprise/Comm West",00062b22-51fd-bd09-3dc3-7cc255815dc7,"iplhpc-nutanixcls01",60e6e257-378f-4e35-b23c-72e5657ff4e8,"HM234S002311","AHV","windows:64:WindowsServer2019Datacenter"
"Inter Pipeline Fund",526f9494-238a-417a-8cbc-82146a77fba6,"IPLHPCL3-IPXY01","kGuestVM","on",2,80 GiB,8 GiB,8 GiB,false,2025-10-23,"Americas","Americas North Enterprise & Canada","Canada Enterprise/Comm West",00062b22-51fd-bd09-3dc3-7cc255815dc7,"iplhpc-nutanixcls01",60e6e257-378f-4e35-b23c-72e5657ff4e8,"HM234S002311","AHV","windows:64:WindowsServer2019Datacenter"
"Inter Pipeline Fund",9f7d3deb-4330-44bc-812f-67ed8312100a,"IPLHPCL3-KMS01","kGuestVM","on",2,80 GiB,8 GiB,8 GiB,false,2025-10-23,"Americas","Americas North Enterprise & Canada","Canada Enterprise/Comm West",00062b22-51fd-bd09-3dc3-7cc255815dc7,"iplhpc-nutanixcls01",f9c0e06b-0b75-41b1-92fb-afb7f2dcbe35,"HM234S002409","AHV","windows:64:WindowsServer2019Datacenter"
"Inter Pipeline Fund",6b0e34d5-926f-4813-90df-6264ed8e5b06,"IPLHPCL3-SCCM01","kGuestVM","on",4,1872 GiB,8 GiB,8 GiB,false,2025-10-23,"Americas","Americas North Enterprise & Canada","Canada Enterprise/Comm West",00062b22-51fd-bd09-3dc3-7cc255815dc7,"iplhpc-nutanixcls01",f9c0e06b-0b75-41b1-92fb-afb7f2dcbe35,"HM234S002409","AHV","windows:64:WindowsServer2019Datacenter"
"Inter Pipeline Fund",2fef2269-35e8-474a-b8b0-ae0d722ee5ca,"iplhpc-ntxmove01","kGuestVM","off",4,50 GiB,8 GiB,0.00 GiB,false,2025-10-23,"Americas","Americas North Enterprise & Canada","Canada Enterprise/Comm West",00062b22-51fd-bd09-3dc3-7cc255815dc7,"iplhpc-nutanixcls01",-,"-","-","Not Found"
"Inter Pipeline Fund",4f14986b-7382-4a9a-bf44-2825f79e1678,"IPLHPC-OMS01","kGuestVM","on",2,80 GiB,8 GiB,8 GiB,false,2025-10-23,"Americas","Americas North Enterprise & Canada","Canada Enterprise/Comm West",00062b22-51fd-bd09-3dc3-7cc255815dc7,"iplhpc-nutanixcls01",f6408a29-2334-4e9c-8df5-b39ad3caf386,"HM234S001482","AHV","windows:64:WindowsServer2019Datacenter"
"Inter Pipeline Fund",d67f4858-ba01-4618-a654-05eb3426790d,"IPLHPC-PIINTP01","kGuestVM","on",2,580 GiB,8 GiB,8 GiB,false,2025-10-23,"Americas","Americas North Enterprise & Canada","Canada Enterprise/Comm West",00062b22-51fd-bd09-3dc3-7cc255815dc7,"iplhpc-nutanixcls01",60e6e257-378f-4e35-b23c-72e5657ff4e8,"HM234S002311","AHV","windows:64:WindowsServer2016Datacenter"
"Inter Pipeline Fund",08be4446-dfbd-4345-a7a1-19a443430606,"IPLHPC-PIINTP02","kGuestVM","on",2,580 GiB,8 GiB,8 GiB,false,2025-10-23,"Americas","Americas North Enterprise & Canada","Canada Enterprise/Comm West",00062b22-51fd-bd09-3dc3-7cc255815dc7,"iplhpc-nutanixcls01",f6408a29-2334-4e9c-8df5-b39ad3caf386,"HM234S001482","AHV","windows:64:WindowsServer2016Datacenter"
"Inter Pipeline Fund",d00e15f6-af88-40a4-ae98-8886f01df1ca,"IPLHPC-PIINTT01","kGuestVM","on",2,580 GiB,8 GiB,8 GiB,false,2025-10-23,"Americas","Americas North Enterprise & Canada","Canada Enterprise/Comm West",00062b22-51fd-bd09-3dc3-7cc255815dc7,"iplhpc-nutanixcls01",bdeed0c2-0aa8-49ce-8c9a-b3fae48343b7,"HM234S002380","AHV","windows:64:WindowsServer2016Datacenter"
"Inter Pipeline Fund",a49065b2-e977-409b-954d-ebb438d36192,"IPLHPC-PSP01","kGuestVM","on",2,80 GiB,8 GiB,8 GiB,false,2025-10-23,"Americas","Americas North Enterprise & Canada","Canada Enterprise/Comm West",00062b22-51fd-bd09-3dc3-7cc255815dc7,"iplhpc-nutanixcls01",f6408a29-2334-4e9c-8df5-b39ad3caf386,"HM234S001482","AHV","windows:64:WindowsServer2019Datacenter"
"Inter Pipeline Fund",226ba12b-7d4b-44e0-90b4-ba40b6c7b2cc,"IPLHPC-SCCMDPP1","kGuestVM","on",2,1480 GiB,8 GiB,8 GiB,false,2025-10-23,"Americas","Americas North Enterprise & Canada","Canada Enterprise/Comm West",00062b22-51fd-bd09-3dc3-7cc255815dc7,"iplhpc-nutanixcls01",bdeed0c2-0aa8-49ce-8c9a-b3fae48343b7,"HM234S002380","AHV","windows:64:WindowsServer2016Datacenter"
"Inter Pipeline Fund",6b79107e-3355-4e3f-8e2d-7c840083f072,"IPLHPC-SFTP01","kGuestVM","on",2,130 GiB,8 GiB,8 GiB,false,2025-10-23,"Americas","Americas North Enterprise & Canada","Canada Enterprise/Comm West",00062b22-51fd-bd09-3dc3-7cc255815dc7,"iplhpc-nutanixcls01",bdeed0c2-0aa8-49ce-8c9a-b3fae48343b7,"HM234S002380","AHV","windows:64:WindowsServer2019Datacenter"
"Inter Pipeline Fund",55bd9039-07a9-4736-8da9-fb9c9e93c310,"IPL-HPPS01","kGuestVM","on",2,250 GiB,8 GiB,8 GiB,false,2025-10-23,"Americas","Americas North Enterprise & Canada","Canada Enterprise/Comm West",000609c1-da9d-95fc-6e97-7cc25581f0d1,"ipl-nutanixcls01",75ee3ee3-7fda-4c64-8114-16523cdbac5e,"HM238S003680","AHV","windows:64:WindowsServer2019Datacenter"
"Inter Pipeline Fund",a6627319-b3cc-4673-9741-c03c07deab1a,"IPL-inmatmcp01","kGuestVM","on",4,330 GiB,32 GiB,32 GiB,false,2025-10-23,"Americas","Americas North Enterprise & Canada","Canada Enterprise/Comm West",000609c1-da9d-95fc-6e97-7cc25581f0d1,"ipl-nutanixcls01",2b22f8e2-caee-4c9d-a834-bdaec8df6b93,"HM238S003505","AHV","windows:64:WindowsServer2019Datacenter"
"Inter Pipeline Fund",c54118b4-1e11-42bf-b916-828d29fcce56,"IPL-inmatmct01","kGuestVM","on",4,130 GiB,32 GiB,32 GiB,false,2025-10-23,"Americas","Americas North Enterprise & Canada","Canada Enterprise/Comm West",000609c1-da9d-95fc-6e97-7cc25581f0d1,"ipl-nutanixcls01",2b91f859-c756-4178-9554-485e3fc70c41,"HM238S003558","AHV","windows:64:WindowsServer2019Datacenter"
"Inter Pipeline Fund",453adcfb-df16-4882-98f0-185df034d635,"IPL-ISEADP01","kGuestVM","on",24,1200 GiB,96 GiB,96 GiB,false,2025-10-23,"Americas","Americas North Enterprise & Canada","Canada Enterprise/Comm West",000609c1-da9d-95fc-6e97-7cc25581f0d1,"ipl-nutanixcls01",2b22f8e2-caee-4c9d-a834-bdaec8df6b93,"HM238S003505","AHV","Not Found"
"Inter Pipeline Fund",9c03a8fa-fb6c-4b3e-a402-865a2bddbace,"IPL-ISEPOL01","kGuestVM","on",24,600 GiB,96 GiB,96 GiB,false,2025-10-23,"Americas","Americas North Enterprise & Canada","Canada Enterprise/Comm West",000609c1-da9d-95fc-6e97-7cc25581f0d1,"ipl-nutanixcls01",75ee3ee3-7fda-4c64-8114-16523cdbac5e,"HM238S003680","AHV","Not Found"
"Inter Pipeline Fund",e22e1ac7-8cf5-4524-9f86-f017619e579b,"IPL-LENELP01","kGuestVM","on",4,100 GiB,16 GiB,16 GiB,false,2025-10-23,"Americas","Americas North Enterprise & Canada","Canada Enterprise/Comm West",000609c1-da9d-95fc-6e97-7cc25581f0d1,"ipl-nutanixcls01",c3e7499b-0d9b-4fb8-9385-b74c31e17020,"HM238S003653","AHV","windows:64:WindowsServer2016Datacenter"
"Inter Pipeline Fund",37ed7ab3-7263-4419-9a3e-21c0001bf4eb,"IPL-LOGMONP01","kGuestVM","on",6,100 GiB,32 GiB,32 GiB,false,2025-10-23,"Americas","Americas North Enterprise & Canada","Canada Enterprise/Comm West",000609c1-da9d-95fc-6e97-7cc25581f0d1,"ipl-nutanixcls01",c3e7499b-0d9b-4fb8-9385-b74c31e17020,"HM238S003653","AHV","windows:64:WindowsServer2019Datacenter"
"Inter Pipeline Fund",95cd6de6-6a3c-4ea4-9905-e510c6790338,"IPL-LOGMONP02","kGuestVM","on",6,80 GiB,32 GiB,32 GiB,false,2025-10-23,"Americas","Americas North Enterprise & Canada","Canada Enterprise/Comm West",000609c1-da9d-95fc-6e97-7cc25581f0d1,"ipl-nutanixcls01",2b91f859-c756-4178-9554-485e3fc70c41,"HM238S003558","AHV","windows:64:WindowsServer2019Datacenter"
"Inter Pipeline Fund",006290bf-e932-4511-be37-c73c8e976716,"IPL-LOGMONP03","kGuestVM","on",6,80 GiB,32 GiB,32 GiB,false,2025-10-23,"Americas","Americas North Enterprise & Canada","Canada Enterprise/Comm West",000609c1-da9d-95fc-6e97-7cc25581f0d1,"ipl-nutanixcls01",2b22f8e2-caee-4c9d-a834-bdaec8df6b93,"HM238S003505","AHV","windows:64:WindowsServer2019Datacenter"
"Inter Pipeline Fund",1a558544-b814-4ea3-8b4e-7841a091a509,"IPL-LOGMONP04","kGuestVM","on",6,80 GiB,32 GiB,32 GiB,false,2025-10-23,"Americas","Americas North Enterprise & Canada","Canada Enterprise/Comm West",000609c1-da9d-95fc-6e97-7cc25581f0d1,"ipl-nutanixcls01",c3e7499b-0d9b-4fb8-9385-b74c31e17020,"HM238S003653","AHV","windows:64:WindowsServer2019Datacenter"
"Inter Pipeline Fund",afc0ed53-cc38-4b64-90de-4d3ee8215443,"IPL-NESSUSP01","kGuestVM","on",2,80 GiB,8 GiB,8 GiB,false,2025-10-23,"Americas","Americas North Enterprise & Canada","Canada Enterprise/Comm West",000609c1-da9d-95fc-6e97-7cc25581f0d1,"ipl-nutanixcls01",2b91f859-c756-4178-9554-485e3fc70c41,"HM238S003558","AHV","windows:64:WindowsServer2016Datacenter"
"Inter Pipeline Fund",94a23e68-f0dd-4647-a764-d25e4b054345,"IPL-NSLB01","kGuestVM","on",2,20 GiB,2 GiB,2 GiB,false,2025-10-23,"Americas","Americas North Enterprise & Canada","Canada Enterprise/Comm West",000609c1-da9d-95fc-6e97-7cc25581f0d1,"ipl-nutanixcls01",2b22f8e2-caee-4c9d-a834-bdaec8df6b93,"HM238S003505","AHV","Not Found"
"Inter Pipeline Fund",597fc224-4eee-49ac-9f6e-5296b65e746c,"IPL-NSLB02","kGuestVM","on",2,20 GiB,2 GiB,2 GiB,false,2025-10-23,"Americas","Americas North Enterprise & Canada","Canada Enterprise/Comm West",000609c1-da9d-95fc-6e97-7cc25581f0d1,"ipl-nutanixcls01",2b22f8e2-caee-4c9d-a834-bdaec8df6b93,"HM238S003505","AHV","Not Found"
"Inter Pipeline Fund",97d6ff63-6331-4a1a-8c87-fc46b99afcae,"IPL-NutanixMove01","kGuestVM","off",4,50 GiB,8 GiB,0.00 GiB,false,2025-10-23,"Americas","Americas North Enterprise & Canada","Canada Enterprise/Comm West",000609c1-da9d-95fc-6e97-7cc25581f0d1,"ipl-nutanixcls01",-,"-","-","Not Found"
"Inter Pipeline Fund",3271e8b7-565a-4864-b06c-b8f6e757388a,"IPL-NUTANIXWIT01","kGuestVM","on",4,86 GiB,8 GiB,8 GiB,false,2025-10-23,"Americas","Americas North Enterprise & Canada","Canada Enterprise/Comm West",000609c1-da9d-95fc-6e97-7cc25581f0d1,"ipl-nutanixcls01",c3e7499b-0d9b-4fb8-9385-b74c31e17020,"HM238S003653","AHV","Not Found"
"Inter Pipeline Fund",3c3dfb7d-269d-4f9b-aa5d-5c9e77dc3d48,"ipl-nutanixwit02","kGuestVM","on",4,86 GiB,8 GiB,8 GiB,false,2025-10-23,"Americas","Americas North Enterprise & Canada","Canada Enterprise/Comm West",00062b22-51fd-bd09-3dc3-7cc255815dc7,"iplhpc-nutanixcls01",f9c0e06b-0b75-41b1-92fb-afb7f2dcbe35,"HM234S002409","AHV","Not Found"
"Inter Pipeline Fund",5049bd8f-772b-4ce4-8d76-e726b2c4fbc4,"IPL-OBM01","kGuestVM","on",4,50 GiB,16 GiB,16 GiB,false,2025-10-23,"Americas","Americas North Enterprise & Canada","Canada Enterprise/Comm West",000609c1-da9d-95fc-6e97-7cc25581f0d1,"ipl-nutanixcls01",2b91f859-c756-4178-9554-485e3fc70c41,"HM238S003558","AHV","Not Found"
"Inter Pipeline Fund",c95ba2d1-41ba-4b51-ac1f-5667b120d926,"IPL-OSSD01","kGuestVM","on",2,80 GiB,8 GiB,8 GiB,false,2025-10-23,"Americas","Americas North Enterprise & Canada","Canada Enterprise/Comm West",000609c1-da9d-95fc-6e97-7cc25581f0d1,"ipl-nutanixcls01",2b91f859-c756-4178-9554-485e3fc70c41,"HM238S003558","AHV","windows:64:WindowsServer2019Datacenter"
"Inter Pipeline Fund",d61e4310-b3ca-4d80-9643-72abcf7f69a1,"IPL-OSSP01","kGuestVM","on",2,80 GiB,8 GiB,8 GiB,false,2025-10-23,"Americas","Americas North Enterprise & Canada","Canada Enterprise/Comm West",000609c1-da9d-95fc-6e97-7cc25581f0d1,"ipl-nutanixcls01",2b22f8e2-caee-4c9d-a834-bdaec8df6b93,"HM238S003505","AHV","windows:64:WindowsServer2019Datacenter"
"Inter Pipeline Fund",305e1271-5efc-4a72-b155-694781d91b94,"IPL-OSST01","kGuestVM","on",2,80 GiB,8 GiB,8 GiB,false,2025-10-23,"Americas","Americas North Enterprise & Canada","Canada Enterprise/Comm West",000609c1-da9d-95fc-6e97-7cc25581f0d1,"ipl-nutanixcls01",c3e7499b-0d9b-4fb8-9385-b74c31e17020,"HM238S003653","AHV","windows:64:WindowsServer2019Datacenter"
"Inter Pipeline Fund",25ea45e6-135e-44d3-81b9-cbc6cc84ded8,"IPL-PIAFP01","kGuestVM","on",8,330 GiB,32 GiB,32 GiB,false,2025-10-23,"Americas","Americas North Enterprise & Canada","Canada Enterprise/Comm West",000609c1-da9d-95fc-6e97-7cc25581f0d1,"ipl-nutanixcls01",2b91f859-c756-4178-9554-485e3fc70c41,"HM238S003558","AHV","windows:64:WindowsServer2016Datacenter"
"Inter Pipeline Fund",6895e312-36c3-488b-988d-95c1893683f2,"IPL-PIAFP02","kGuestVM","on",8,330 GiB,32 GiB,32 GiB,false,2025-10-23,"Americas","Americas North Enterprise & Canada","Canada Enterprise/Comm West",000609c1-da9d-95fc-6e97-7cc25581f0d1,"ipl-nutanixcls01",75ee3ee3-7fda-4c64-8114-16523cdbac5e,"HM238S003680","AHV","windows:64:WindowsServer2016Datacenter"
"Inter Pipeline Fund",02663401-ed64-476f-beed-ec8980feb497,"IPL-PIAFT01","kGuestVM","on",8,405 GiB,32 GiB,32 GiB,false,2025-10-23,"Americas","Americas North Enterprise & Canada","Canada Enterprise/Comm West",000609c1-da9d-95fc-6e97-7cc25581f0d1,"ipl-nutanixcls01",75ee3ee3-7fda-4c64-8114-16523cdbac5e,"HM238S003680","AHV","Not Found"
"Inter Pipeline Fund",604d3782-4944-443e-b2e5-40f550f26d16,"IPL-PIHISP01","kGuestVM","on",6,4131 GiB,32 GiB,32 GiB,false,2025-10-23,"Americas","Americas North Enterprise & Canada","Canada Enterprise/Comm West",000609c1-da9d-95fc-6e97-7cc25581f0d1,"ipl-nutanixcls01",75ee3ee3-7fda-4c64-8114-16523cdbac5e,"HM238S003680","AHV","windows:64:WindowsServer2016Datacenter"
"Inter Pipeline Fund",74f75a8b-1f88-4a80-b8db-ad339978e62d,"IPL-PIHISP02","kGuestVM","on",6,4136 GiB,32 GiB,32 GiB,false,2025-10-23,"Americas","Americas North Enterprise & Canada","Canada Enterprise/Comm West",000609c1-da9d-95fc-6e97-7cc25581f0d1,"ipl-nutanixcls01",2b22f8e2-caee-4c9d-a834-bdaec8df6b93,"HM238S003505","AHV","windows:64:WindowsServer2016Datacenter"
"Inter Pipeline Fund",b0c9abd5-37f2-4da9-a700-a552a3b5b00e,"IPL-PIHIST01","kGuestVM","on",6,2398 GiB,32 GiB,32 GiB,false,2025-10-23,"Americas","Americas North Enterprise & Canada","Canada Enterprise/Comm West",000609c1-da9d-95fc-6e97-7cc25581f0d1,"ipl-nutanixcls01",2b22f8e2-caee-4c9d-a834-bdaec8df6b93,"HM238S003505","AHV","windows:64:WindowsServer2016Datacenter"
"Inter Pipeline Fund",c1add7a0-249d-4d97-821f-10a5a7d0586b,"IPL-PIHIST02","kGuestVM","on",6,1370 GiB,32 GiB,32 GiB,false,2025-10-23,"Americas","Americas North Enterprise & Canada","Canada Enterprise/Comm West",000609c1-da9d-95fc-6e97-7cc25581f0d1,"ipl-nutanixcls01",2b91f859-c756-4178-9554-485e3fc70c41,"HM238S003558","AHV","windows:64:WindowsServer2016Datacenter"
"Inter Pipeline Fund",b47ce3aa-a8aa-4ed6-b2a8-95513457886b,"IPL-PIINT01","kGuestVM","on",2,580 GiB,8 GiB,8 GiB,false,2025-10-23,"Americas","Americas North Enterprise & Canada","Canada Enterprise/Comm West",000609c1-da9d-95fc-6e97-7cc25581f0d1,"ipl-nutanixcls01",2b22f8e2-caee-4c9d-a834-bdaec8df6b93,"HM238S003505","AHV","windows:64:WindowsServer2016Datacenter"
"Inter Pipeline Fund",ae9a5fc1-dd84-46f3-92d2-443e6e21a65d,"IPL-PIMGXAPPP02","kGuestVM","off",4,180 GiB,16 GiB,0.00 GiB,false,2025-10-23,"Americas","Americas North Enterprise & Canada","Canada Enterprise/Comm West",000609c1-da9d-95fc-6e97-7cc25581f0d1,"ipl-nutanixcls01",-,"-","-","windows:64:WindowsServer2016Datacenter"
"Inter Pipeline Fund",fcf934be-2a2f-40db-a062-fcb8da7697f5,"IPL-PIMGXAPPT01","kGuestVM","off",4,180 GiB,16 GiB,0.00 GiB,false,2025-10-23,"Americas","Americas North Enterprise & Canada","Canada Enterprise/Comm West",000609c1-da9d-95fc-6e97-7cc25581f0d1,"ipl-nutanixcls01",-,"-","-","windows:64:WindowsServer2016Datacenter"
"Inter Pipeline Fund",7ad72690-515a-4423-9ac1-2b67b87ca638,"IPL-PIMGXAPPT02","kGuestVM","off",4,180 GiB,16 GiB,0.00 GiB,false,2025-10-23,"Americas","Americas North Enterprise & Canada","Canada Enterprise/Comm West",000609c1-da9d-95fc-6e97-7cc25581f0d1,"ipl-nutanixcls01",-,"-","-","windows:64:WindowsServer2016Datacenter"
"Inter Pipeline Fund",7da4d6dc-8099-42dc-8f9b-34dbe606b73d,"IPL-PIVISP01","kGuestVM","on",12,270 GiB,32 GiB,32 GiB,false,2025-10-23,"Americas","Americas North Enterprise & Canada","Canada Enterprise/Comm West",000609c1-da9d-95fc-6e97-7cc25581f0d1,"ipl-nutanixcls01",2b91f859-c756-4178-9554-485e3fc70c41,"HM238S003558","AHV","windows:64:WindowsServer2016Datacenter"
"Inter Pipeline Fund",f727ecbd-096a-4ece-9318-f6df5a50657c,"IPL-PIVIST01","kGuestVM","on",4,200 GiB,12 GiB,12 GiB,false,2025-10-23,"Americas","Americas North Enterprise & Canada","Canada Enterprise/Comm West",000609c1-da9d-95fc-6e97-7cc25581f0d1,"ipl-nutanixcls01",c3e7499b-0d9b-4fb8-9385-b74c31e17020,"HM238S003653","AHV","windows:64:WindowsServer2016Datacenter"
"Inter Pipeline Fund",73232830-9493-4d65-b253-cd5d8b975804,"IPL-PrismCentral01","kPCVM","on",6,1061 GiB,32 GiB,32 GiB,false,2025-10-23,"Americas","Americas North Enterprise & Canada","Canada Enterprise/Comm West",000609c1-da9d-95fc-6e97-7cc25581f0d1,"ipl-nutanixcls01",c3e7499b-0d9b-4fb8-9385-b74c31e17020,"HM238S003653","AHV","Not Found"
"Inter Pipeline Fund",9fcbeb06-0546-4da3-9345-71fd62716033,"IPL-REPLP01","kGuestVM","on",2,80 GiB,8 GiB,8 GiB,false,2025-10-23,"Americas","Americas North Enterprise & Canada","Canada Enterprise/Comm West",000609c1-da9d-95fc-6e97-7cc25581f0d1,"ipl-nutanixcls01",2b91f859-c756-4178-9554-485e3fc70c41,"HM238S003558","AHV","windows:64:WindowsServer2016Datacenter"
"Inter Pipeline Fund",903f74af-eab5-4cf1-aef6-1b8f962146dc,"IPL-ROOTCA01","kGuestVM","off",2,80 GiB,8 GiB,0.00 GiB,false,2025-10-23,"Americas","Americas North Enterprise & Canada","Canada Enterprise/Comm West",000609c1-da9d-95fc-6e97-7cc25581f0d1,"ipl-nutanixcls01",-,"-","-","windows:64:WindowsServer2016Datacenter"
"Inter Pipeline Fund",5b85680c-6796-493c-8787-ab5d449e2cea,"IPL-SAPACP01","kGuestVM","on",2,80 GiB,8 GiB,8 GiB,false,2025-10-23,"Americas","Americas North Enterprise & Canada","Canada Enterprise/Comm West",000609c1-da9d-95fc-6e97-7cc25581f0d1,"ipl-nutanixcls01",2b22f8e2-caee-4c9d-a834-bdaec8df6b93,"HM238S003505","AHV","windows:64:WindowsServer2016Datacenter"
"Inter Pipeline Fund",6eb7b159-d7d2-4f26-9fe6-d8fe99e0d451,"IPL-SAPCPSP01","kGuestVM","on",2,85 GiB,8 GiB,8 GiB,false,2025-10-23,"Americas","Americas North Enterprise & Canada","Canada Enterprise/Comm West",000609c1-da9d-95fc-6e97-7cc25581f0d1,"ipl-nutanixcls01",c3e7499b-0d9b-4fb8-9385-b74c31e17020,"HM238S003653","AHV","windows:64:WindowsServer2016Datacenter"
"Inter Pipeline Fund",e574e636-062a-4e2c-a46c-f20822c80db7,"IPL-SAPCPSP01 - VM is bad.  Do not power on","kGuestVM","off",2,85 GiB,8 GiB,0.00 GiB,false,2025-10-23,"Americas","Americas North Enterprise & Canada","Canada Enterprise/Comm West",000609c1-da9d-95fc-6e97-7cc25581f0d1,"ipl-nutanixcls01",-,"-","-","windows:64:WindowsServer2016Datacenter"
"Inter Pipeline Fund",2e157b3a-5625-46e2-be30-4f7bde194414,"IPL-SCCMP01","kGuestVM","on",4,1984 GiB,32 GiB,32 GiB,false,2025-10-23,"Americas","Americas North Enterprise & Canada","Canada Enterprise/Comm West",000609c1-da9d-95fc-6e97-7cc25581f0d1,"ipl-nutanixcls01",2b91f859-c756-4178-9554-485e3fc70c41,"HM238S003558","AHV","windows:64:WindowsServer2016Datacenter"
"Inter Pipeline Fund",2bfe07a8-f4ba-4272-b4a3-1889942969e4,"IPL-SCCMP02","kGuestVM","on",8,1700 GiB,16 GiB,16 GiB,false,2025-10-23,"Americas","Americas North Enterprise & Canada","Canada Enterprise/Comm West",000609c1-da9d-95fc-6e97-7cc25581f0d1,"ipl-nutanixcls01",2b22f8e2-caee-4c9d-a834-bdaec8df6b93,"HM238S003505","AHV","windows:64:WindowsServer2016Datacenter"
"Inter Pipeline Fund",6583bdd5-782b-4aaa-a813-3316b25ab509,"IPLSP-DC01","kGuestVM","on",4,60 GiB,8 GiB,8 GiB,false,2025-10-23,"Americas","Americas North Enterprise & Canada","Canada Enterprise/Comm West",00060e87-b089-acec-47b7-00e0ededb161,"iplsp-nutanixcls01",b8bb4ba8-7e9c-44f3-b377-b5e8645a62f5,"OM23AS019232","AHV","windows:64:WindowsServer2019Datacenter"
"Inter Pipeline Fund",2705f209-0ac1-4e9e-a4f6-7e374ed1c303,"IPLSP-HPPS01","kGuestVM","on",2,180 GiB,8 GiB,8 GiB,false,2025-10-23,"Americas","Americas North Enterprise & Canada","Canada Enterprise/Comm West",00060e87-b089-acec-47b7-00e0ededb161,"iplsp-nutanixcls01",b8bb4ba8-7e9c-44f3-b377-b5e8645a62f5,"OM23AS019232","AHV","windows:64:WindowsServer2019Datacenter"
"Inter Pipeline Fund",13b02db3-546b-45a0-bfee-8d27e644d512,"IPL-SPITEST01","kGuestVM","on",4,80 GiB,8 GiB,8 GiB,false,2025-10-23,"Americas","Americas North Enterprise & Canada","Canada Enterprise/Comm West",0006274a-7999-8126-4f01-6ebc42cd4bf1,"AZ-NC2CLS01",e94b0344-0295-462c-8281-741c30c06eb0,"6BZT753","AHV","windows:64:WindowsServer2019Datacenter"
"Inter Pipeline Fund",61eb991d-9212-4ac8-b525-6cbe70931edb,"IPLSP-SCCMDPP01","kGuestVM","on",2,1330 GiB,8 GiB,8 GiB,false,2025-10-23,"Americas","Americas North Enterprise & Canada","Canada Enterprise/Comm West",00060e87-b089-acec-47b7-00e0ededb161,"iplsp-nutanixcls01",385820c3-fac3-4133-b6da-fb0eeacd9bd2,"OM23AS019214","AHV","windows:64:WindowsServer2016Datacenter"
"Inter Pipeline Fund",ca04b391-2684-46b5-98d5-32c7bc455395,"IPLSQLEAM02","kGuestVM","on",8,1450 GiB,64 GiB,64 GiB,false,2025-10-23,"Americas","Americas North Enterprise & Canada","Canada Enterprise/Comm West",000609c1-da9d-95fc-6e97-7cc25581f0d1,"ipl-nutanixcls01",c3e7499b-0d9b-4fb8-9385-b74c31e17020,"HM238S003653","AHV","windows:64:WindowsServer2019Datacenter"
"Inter Pipeline Fund",d9a8d3be-ba07-452b-a00f-c96de941695d,"IPLSQLHPCP06","kGuestVM","on",4,530 GiB,32 GiB,32 GiB,false,2025-10-23,"Americas","Americas North Enterprise & Canada","Canada Enterprise/Comm West",00062b22-51fd-bd09-3dc3-7cc255815dc7,"iplhpc-nutanixcls01",60e6e257-378f-4e35-b23c-72e5657ff4e8,"HM234S002311","AHV","windows:64:WindowsServer2019Datacenter"
"Inter Pipeline Fund",b1636ac1-ef3d-4f41-a33e-e121d0e01be6,"IPLSQLHPCP07","kGuestVM","on",4,530 GiB,32 GiB,32 GiB,false,2025-10-23,"Americas","Americas North Enterprise & Canada","Canada Enterprise/Comm West",00062b22-51fd-bd09-3dc3-7cc255815dc7,"iplhpc-nutanixcls01",f9c0e06b-0b75-41b1-92fb-afb7f2dcbe35,"HM234S002409","AHV","windows:64:WindowsServer2019Datacenter"
"Inter Pipeline Fund",9d83ddcb-b131-449a-a0f3-237a0d69ef59,"IPLSQLHPCP08","kGuestVM","on",4,330 GiB,32 GiB,32 GiB,false,2025-10-23,"Americas","Americas North Enterprise & Canada","Canada Enterprise/Comm West",00062b22-51fd-bd09-3dc3-7cc255815dc7,"iplhpc-nutanixcls01",bdeed0c2-0aa8-49ce-8c9a-b3fae48343b7,"HM234S002380","AHV","windows:64:WindowsServer2019Datacenter"
"Inter Pipeline Fund",057e800f-bc9c-4ca2-abf7-a80562371729,"IPLSQLHPCP09","kGuestVM","on",4,330 GiB,32 GiB,32 GiB,false,2025-10-23,"Americas","Americas North Enterprise & Canada","Canada Enterprise/Comm West",00062b22-51fd-bd09-3dc3-7cc255815dc7,"iplhpc-nutanixcls01",bdeed0c2-0aa8-49ce-8c9a-b3fae48343b7,"HM234S002380","AHV","windows:64:WindowsServer2019Datacenter"
"Inter Pipeline Fund",87b2c25a-b2a8-4ccf-a52a-dca8868b71c4,"IPLSQLHPCT03","kGuestVM","on",4,330 GiB,16 GiB,16 GiB,false,2025-10-23,"Americas","Americas North Enterprise & Canada","Canada Enterprise/Comm West",00062b22-51fd-bd09-3dc3-7cc255815dc7,"iplhpc-nutanixcls01",60e6e257-378f-4e35-b23c-72e5657ff4e8,"HM234S002311","AHV","windows:64:WindowsServer2019Datacenter"
"Inter Pipeline Fund",b81ab52c-6674-40d7-8025-f998bb8625b7,"IPLSQLHPCT04","kGuestVM","on",4,330 GiB,16 GiB,16 GiB,false,2025-10-23,"Americas","Americas North Enterprise & Canada","Canada Enterprise/Comm West",00062b22-51fd-bd09-3dc3-7cc255815dc7,"iplhpc-nutanixcls01",f6408a29-2334-4e9c-8df5-b39ad3caf386,"HM234S001482","AHV","windows:64:WindowsServer2019Datacenter"
"Inter Pipeline Fund",3cd84a79-8b96-4d7f-9c74-f05dee9ed0a9,"IPLSQLHPCWP03","kGuestVM","on",2,480 GiB,8 GiB,8 GiB,false,2025-10-23,"Americas","Americas North Enterprise & Canada","Canada Enterprise/Comm West",00062b22-51fd-bd09-3dc3-7cc255815dc7,"iplhpc-nutanixcls01",60e6e257-378f-4e35-b23c-72e5657ff4e8,"HM234S002311","AHV","windows:64:WindowsServer2019Datacenter"
"Inter Pipeline Fund",b21a7c4c-73e8-4d74-bc7f-bf1549a3203c,"IPLSQLHPCWP04","kGuestVM","on",2,180 GiB,8 GiB,8 GiB,false,2025-10-23,"Americas","Americas North Enterprise & Canada","Canada Enterprise/Comm West",00062b22-51fd-bd09-3dc3-7cc255815dc7,"iplhpc-nutanixcls01",f6408a29-2334-4e9c-8df5-b39ad3caf386,"HM234S001482","AHV","windows:64:WindowsServer2019Datacenter"
"Inter Pipeline Fund",979cbd82-b916-4632-b175-dbe84f207ece,"IPLSQLHPCWT02","kGuestVM","on",2,180 GiB,8 GiB,8 GiB,false,2025-10-23,"Americas","Americas North Enterprise & Canada","Canada Enterprise/Comm West",00062b22-51fd-bd09-3dc3-7cc255815dc7,"iplhpc-nutanixcls01",f6408a29-2334-4e9c-8df5-b39ad3caf386,"HM234S001482","AHV","windows:64:WindowsServer2019Datacenter"
"Inter Pipeline Fund",f7dd301a-1a1b-4d32-bc7a-ce4fda6dc417,"IPLSQLMIP13","kGuestVM","on",4,336 GiB,64 GiB,64 GiB,false,2025-10-23,"Americas","Americas North Enterprise & Canada","Canada Enterprise/Comm West",000609c1-da9d-95fc-6e97-7cc25581f0d1,"ipl-nutanixcls01",c3e7499b-0d9b-4fb8-9385-b74c31e17020,"HM238S003653","AHV","windows:64:WindowsServer2016Datacenter"
"Inter Pipeline Fund",500d4a1a-063a-460c-a1f1-86358b345cd7,"IPLSQLMIP14","kGuestVM","on",4,336 GiB,64 GiB,64 GiB,false,2025-10-23,"Americas","Americas North Enterprise & Canada","Canada Enterprise/Comm West",000609c1-da9d-95fc-6e97-7cc25581f0d1,"ipl-nutanixcls01",75ee3ee3-7fda-4c64-8114-16523cdbac5e,"HM238S003680","AHV","windows:64:WindowsServer2016Datacenter"
"Inter Pipeline Fund",af6c67bf-a773-4180-9d48-bb16b3bd1fcd,"IPLSQLMIP15","kGuestVM","on",2,460 GiB,4 GiB,4 GiB,false,2025-10-23,"Americas","Americas North Enterprise & Canada","Canada Enterprise/Comm West",000609c1-da9d-95fc-6e97-7cc25581f0d1,"ipl-nutanixcls01",2b22f8e2-caee-4c9d-a834-bdaec8df6b93,"HM238S003505","AHV","windows:64:WindowsServer2016Datacenter"
"Inter Pipeline Fund",3193a484-9bb9-49f7-a8ad-ecbd6000f3a3,"IPLSQLMIP17","kGuestVM","on",4,600 GiB,8 GiB,8 GiB,false,2025-10-23,"Americas","Americas North Enterprise & Canada","Canada Enterprise/Comm West",000609c1-da9d-95fc-6e97-7cc25581f0d1,"ipl-nutanixcls01",75ee3ee3-7fda-4c64-8114-16523cdbac5e,"HM238S003680","AHV","windows:64:WindowsServer2016Datacenter"
"Inter Pipeline Fund",c8075a7b-93bf-48a8-a356-d38a9dd86894,"IPLSQLMP19","kGuestVM","on",8,790 GiB,32 GiB,32 GiB,false,2025-10-23,"Americas","Americas North Enterprise & Canada","Canada Enterprise/Comm West",000609c1-da9d-95fc-6e97-7cc25581f0d1,"ipl-nutanixcls01",2b22f8e2-caee-4c9d-a834-bdaec8df6b93,"HM238S003505","AHV","windows:64:WindowsServer2019Datacenter"
"Inter Pipeline Fund",82bb9ce8-9df0-4fa3-872c-4f3c38aec927,"IPLSQLMP20","kGuestVM","on",8,1090 GiB,32 GiB,32 GiB,false,2025-10-23,"Americas","Americas North Enterprise & Canada","Canada Enterprise/Comm West",000609c1-da9d-95fc-6e97-7cc25581f0d1,"ipl-nutanixcls01",2b91f859-c756-4178-9554-485e3fc70c41,"HM238S003558","AHV","windows:64:WindowsServer2019Datacenter"
"Inter Pipeline Fund",b67211ed-e9d3-48e0-a18d-d3e3c2d010e2,"IPLSQLMT13","kGuestVM","on",8,770 GiB,16 GiB,16 GiB,false,2025-10-23,"Americas","Americas North Enterprise & Canada","Canada Enterprise/Comm West",000609c1-da9d-95fc-6e97-7cc25581f0d1,"ipl-nutanixcls01",2b22f8e2-caee-4c9d-a834-bdaec8df6b93,"HM238S003505","AHV","windows:64:WindowsServer2019Datacenter"
"Inter Pipeline Fund",008851fd-cf47-471d-b1ea-63ffba5e6280,"IPLSQLMT14","kGuestVM","on",8,770 GiB,16 GiB,16 GiB,false,2025-10-23,"Americas","Americas North Enterprise & Canada","Canada Enterprise/Comm West",000609c1-da9d-95fc-6e97-7cc25581f0d1,"ipl-nutanixcls01",75ee3ee3-7fda-4c64-8114-16523cdbac5e,"HM238S003680","AHV","windows:64:WindowsServer2019Datacenter"
"Inter Pipeline Fund",1ade029c-4ba8-404c-ba00-2cc24e61cf85,"IPL-TELAERISP01","kGuestVM","on",2,100 GiB,16 GiB,16 GiB,false,2025-10-23,"Americas","Americas North Enterprise & Canada","Canada Enterprise/Comm West",000609c1-da9d-95fc-6e97-7cc25581f0d1,"ipl-nutanixcls01",2b91f859-c756-4178-9554-485e3fc70c41,"HM238S003558","AHV","windows:64:WindowsServer2016Datacenter"
"Inter Pipeline Fund",731f79d1-7a21-41b6-ae90-3b5fe37bae80,"IPL-TELAERISP02","kGuestVM","on",2,100 GiB,16 GiB,16 GiB,false,2025-10-23,"Americas","Americas North Enterprise & Canada","Canada Enterprise/Comm West",000609c1-da9d-95fc-6e97-7cc25581f0d1,"ipl-nutanixcls01",75ee3ee3-7fda-4c64-8114-16523cdbac5e,"HM238S003680","AHV","Not Found"
"Inter Pipeline Fund",3af279bf-9d1b-44b0-929a-ab2ea11a9a8c,"NC2-Test","kGuestVM","on",4,80 GiB,8 GiB,8 GiB,false,2025-10-23,"Americas","Americas North Enterprise & Canada","Canada Enterprise/Comm West",0006274a-7999-8126-4f01-6ebc42cd4bf1,"AZ-NC2CLS01",e94b0344-0295-462c-8281-741c30c06eb0,"6BZT753","AHV","Not Found"
"Inter Pipeline Fund",365d21a2-a732-4ecb-9b6f-6398c74d7215,"NTNX-FA-IPL-NTNXFA01","kGuestVM","on",8,60 GiB,24 GiB,24 GiB,false,2025-10-23,"Americas","Americas North Enterprise & Canada","Canada Enterprise/Comm West",000609c1-da9d-95fc-6e97-7cc25581f0d1,"ipl-nutanixcls01",2b91f859-c756-4178-9554-485e3fc70c41,"HM238S003558","AHV","Not Found"
"Inter Pipeline Fund",eda48a0e-c2aa-4db9-b697-f2fff7c0c689,"NTNX-iplhpc-ntnxfs01-1","kAFSVM","on",4,106 GiB,12 GiB,12 GiB,false,2025-10-23,"Americas","Americas North Enterprise & Canada","Canada Enterprise/Comm West",00062b22-51fd-bd09-3dc3-7cc255815dc7,"iplhpc-nutanixcls01",f6408a29-2334-4e9c-8df5-b39ad3caf386,"HM234S001482","AHV","Not Found"
"Inter Pipeline Fund",cffc23b5-6962-40a2-95bf-f18e16298e41,"NTNX-iplhpc-ntnxfs01-2","kAFSVM","on",4,106 GiB,12 GiB,12 GiB,false,2025-10-23,"Americas","Americas North Enterprise & Canada","Canada Enterprise/Comm West",00062b22-51fd-bd09-3dc3-7cc255815dc7,"iplhpc-nutanixcls01",bdeed0c2-0aa8-49ce-8c9a-b3fae48343b7,"HM234S002380","AHV","Not Found"
"Inter Pipeline Fund",70edd5b2-e961-4155-b372-95eef5f010e6,"NTNX-iplhpc-ntnxfs01-3","kAFSVM","on",4,106 GiB,12 GiB,12 GiB,false,2025-10-23,"Americas","Americas North Enterprise & Canada","Canada Enterprise/Comm West",00062b22-51fd-bd09-3dc3-7cc255815dc7,"iplhpc-nutanixcls01",f9c0e06b-0b75-41b1-92fb-afb7f2dcbe35,"HM234S002409","AHV","Not Found"
"Inter Pipeline Fund",6f0c7776-38c6-4e4b-a89f-e4498dc120bc,"NTNX-ipl-nutanixfs01-1","kAFSVM","on",4,106 GiB,12 GiB,12 GiB,false,2025-10-23,"Americas","Americas North Enterprise & Canada","Canada Enterprise/Comm West",000609c1-da9d-95fc-6e97-7cc25581f0d1,"ipl-nutanixcls01",c3e7499b-0d9b-4fb8-9385-b74c31e17020,"HM238S003653","AHV","Not Found"
"Inter Pipeline Fund",6e3c9ce2-e05c-4c03-9cc2-5de886d3b3e5,"NTNX-ipl-nutanixfs01-2","kAFSVM","on",4,106 GiB,12 GiB,12 GiB,false,2025-10-23,"Americas","Americas North Enterprise & Canada","Canada Enterprise/Comm West",000609c1-da9d-95fc-6e97-7cc25581f0d1,"ipl-nutanixcls01",75ee3ee3-7fda-4c64-8114-16523cdbac5e,"HM238S003680","AHV","Not Found"
"Inter Pipeline Fund",7310ba16-d03e-4ece-a2dd-60e2921a04d3,"NTNX-ipl-nutanixfs01-3","kAFSVM","on",4,106 GiB,12 GiB,12 GiB,false,2025-10-23,"Americas","Americas North Enterprise & Canada","Canada Enterprise/Comm West",000609c1-da9d-95fc-6e97-7cc25581f0d1,"ipl-nutanixcls01",2b22f8e2-caee-4c9d-a834-bdaec8df6b93,"HM238S003505","AHV","Not Found"
"Inter Pipeline Fund",34860843-a3d8-426b-af6c-8985800d585d,"NTNX-iplsp-ntnxfs01-1","kAFSVM","on",4,106 GiB,12 GiB,12 GiB,false,2025-10-23,"Americas","Americas North Enterprise & Canada","Canada Enterprise/Comm West",00060e87-b089-acec-47b7-00e0ededb161,"iplsp-nutanixcls01",b8bb4ba8-7e9c-44f3-b377-b5e8645a62f5,"OM23AS019232","AHV","Not Found"
"Inter Pipeline Fund",1a1d1af3-2786-40ac-a552-b0183a31bd7a,"pc_vm_0","kPCVM","on",10,1061 GiB,41 GiB,41 GiB,false,2025-10-23,"Americas","Americas North Enterprise & Canada","Canada Enterprise/Comm West",0006274a-7999-8126-4f01-6ebc42cd4bf1,"AZ-NC2CLS01",c2c95f3d-308b-4299-92d8-1574b208ad73,"6CPS753","AHV","Not Found"
"Inter Pipeline Fund",fb3aee9c-2476-4dc1-aafe-42d6c27d3764,"pc_vm_1","kPCVM","on",10,1061 GiB,41 GiB,41 GiB,false,2025-10-23,"Americas","Americas North Enterprise & Canada","Canada Enterprise/Comm West",0006274a-7999-8126-4f01-6ebc42cd4bf1,"AZ-NC2CLS01",e25995f4-2406-4c10-9415-58d55ccef4a1,"67RS753","AHV","Not Found"
"Inter Pipeline Fund",43fda5c5-c86f-4269-9c52-40852f5c6559,"pc_vm_2","kPCVM","on",10,1061 GiB,41 GiB,41 GiB,false,2025-10-23,"Americas","Americas North Enterprise & Canada","Canada Enterprise/Comm West",0006274a-7999-8126-4f01-6ebc42cd4bf1,"AZ-NC2CLS01",e94b0344-0295-462c-8281-741c30c06eb0,"6BZT753","AHV","Not Found"
"Inter Pipeline Fund",80587175-faa6-423d-a575-4076edf932e9,"RWRNGF-DCSJB01","kGuestVM","on",2,85 GiB,16 GiB,16 GiB,false,2025-10-23,"Americas","Americas North Enterprise & Canada","Canada Enterprise/Comm West",00062bb0-c88d-f6ed-39fb-7cc255e9ad65,"iplrw-nutanixcls01",a1ba83bf-5798-41f7-841d-98f6e89fd0a9,"WM24BS002066","AHV","windows:64:WindowsServer2019Datacenter"
"Inter Pipeline Fund",83cd4f56-186e-4a3d-9cac-855ce66af5d9,"RWRNGF-PIINP01","kGuestVM","on",2,160 GiB,8 GiB,8 GiB,false,2025-10-23,"Americas","Americas North Enterprise & Canada","Canada Enterprise/Comm West",00062bb0-c88d-f6ed-39fb-7cc255e9ad65,"iplrw-nutanixcls01",4929fe75-7d05-49b3-a3ad-b93bfa518a0c,"WM24BS002056","AHV","windows:64:WindowsServer2016Datacenter"
"Inter Pipeline Fund",3b5e98a0-1103-40f6-95d0-280a38defffc,"RWRNGF-PIINP02","kGuestVM","on",2,160 GiB,8 GiB,8 GiB,false,2025-10-23,"Americas","Americas North Enterprise & Canada","Canada Enterprise/Comm West",00062bb0-c88d-f6ed-39fb-7cc255e9ad65,"iplrw-nutanixcls01",a1ba83bf-5798-41f7-841d-98f6e89fd0a9,"WM24BS002066","AHV","windows:64:WindowsServer2016Datacenter"
"Inter Pipeline Fund",6579404b-cb82-43e6-afab-05feaae73ee8,"RWRNGF-PIMODP01","kGuestVM","on",2,330 GiB,8 GiB,8 GiB,false,2025-10-23,"Americas","Americas North Enterprise & Canada","Canada Enterprise/Comm West",00062bb0-c88d-f6ed-39fb-7cc255e9ad65,"iplrw-nutanixcls01",a1ba83bf-5798-41f7-841d-98f6e89fd0a9,"WM24BS002066","AHV","windows:64:WindowsServer2016Datacenter"
"Inter Pipeline Fund",5dbe725f-8c10-49e3-b0ad-69a44f377b25,"RWRNGF-TPVJBP01","kGuestVM","on",2,180 GiB,8 GiB,8 GiB,false,2025-10-23,"Americas","Americas North Enterprise & Canada","Canada Enterprise/Comm West",00062bb0-c88d-f6ed-39fb-7cc255e9ad65,"iplrw-nutanixcls01",4929fe75-7d05-49b3-a3ad-b93bfa518a0c,"WM24BS002056","AHV","windows:64:WindowsServer2016Datacenter"
"Inter Pipeline Fund",3d39fb38-7fdf-4791-9aae-c19d680e3907,"Template-Win2019 DC AUP - VLK","kGuestVM","off",4,80 GiB,8 GiB,0.00 GiB,false,2025-10-23,"Americas","Americas North Enterprise & Canada","Canada Enterprise/Comm West",000609c1-da9d-95fc-6e97-7cc25581f0d1,"ipl-nutanixcls01",-,"-","-","windows:64:WindowsServer2019Datacenter"
"Inter Pipeline Fund",3b4b963b-eb4b-4314-797d-505ea6a27835,"Template-Win2019 DC AUP - VLK","kGuestVM","off",4,80 GiB,8 GiB,0.00 GiB,false,2025-10-23,"Americas","Americas North Enterprise & Canada","Canada Enterprise/Comm West",0006274a-7999-8126-4f01-6ebc42cd4bf1,"AZ-NC2CLS01",-,"-","-","Not Found"
"Inter Pipeline Fund",a9741e6b-eb1e-46fe-a2fb-6beebcb19b59,"Template_Windows_2022_DC-1  Bad NGT.  Do not use","kGuestVM","off",4,80 GiB,8 GiB,0.00 GiB,false,2025-10-23,"Americas","Americas North Enterprise & Canada","Canada Enterprise/Comm West",000609c1-da9d-95fc-6e97-7cc25581f0d1,"ipl-nutanixcls01",-,"-","-","Not Found"
"Inter Pipeline Fund",ad57dc07-8bf2-4b64-b935-ff38827337be,"Template_Windows_2022_DC - Bad NGT Do Not Use","kGuestVM","off",4,80 GiB,8 GiB,0.00 GiB,false,2025-10-23,"Americas","Americas North Enterprise & Canada","Canada Enterprise/Comm West",000609c1-da9d-95fc-6e97-7cc25581f0d1,"ipl-nutanixcls01",-,"-","-","windows:64:WindowsServer2022Datacenter"
"Inter Pipeline Fund",b8105c7d-e50c-4d21-b197-985f241c01e1,"Template_Windows_2022_STD","kGuestVM","off",4,80 GiB,8 GiB,0.00 GiB,false,2025-10-23,"Americas","Americas North Enterprise & Canada","Canada Enterprise/Comm West",000609c1-da9d-95fc-6e97-7cc25581f0d1,"ipl-nutanixcls01",-,"-","-","windows:64:WindowsServer2022Standard"
"Inter Pipeline Fund",467737e9-6f7b-4504-8bd1-4dd7c515f954,"Win2019Template - unknown password","kGuestVM","off",4,60 GiB,8 GiB,0.00 GiB,false,2025-10-23,"Americas","Americas North Enterprise & Canada","Canada Enterprise/Comm West",00060e87-b089-acec-47b7-00e0ededb161,"iplsp-nutanixcls01",-,"-","-","Not Found"
