Account Name,Serial Number,Node Serial Number,Cluster Name,Cluster UUID,Account Executive,Account Executive Email,Asset Model,Asset Age,Model Family,Asset Status,Node Count (Operational),Node Count (Assets),AOS Version,Node License Mode,Hypervisor Type,Hypervisor Version,Install Location,Ship Date,Last Pulse Date,SSD Capacity (In TiB),SSD Capacity (In TB),HDD Capacity (In TiB),HDD Capacity (In TB),CPU Core Count,Contract Coverage,Contract Status,Contract Start Date,Contract End Date,Break Fix Contact Phone,Break Fix Contact Email,Asset EOL,Asset EOM,Order Type,Region,Sub Region,Incumbent Reseller,Incumbent Distributor,Cluster Tag,Sales Order,Asset Tag (Internal),Install Country,Install Zip,Install Base Address,Prior Contract End Date
"Petronas Energy Canada Ltd",19FM3E340053,"-","Not Found",Not Found,"Scott Sefcik","scott.sefcik@nutanix.com",NX-8235-G6,5,"NX-8000","Shipped",-,2,"-",NX-SWO,"Not Found","Nutanix 20220304.420","Calgary",2019-11-01,Not Found,13.97 TiB,15.36 TB,105.55 TiB,96 TB,56,"Production: 24x7 service; NBD parts",EXPIRED,2019-11-01,2024-10-30,"14033516939","infrastructure@petronascanada.com",Jan 2025,Jul 2023,"Revenue - MITF","Americas North Enterprise & Canada","Canada Enterprise/Comm West","CompuCom","ARROW ECS CANADA","-","SO-066949","-","CANADA (CA)","T2P 1M4","1600 215 2ND ST SW, Calgary, AB, CANADA (CA), T2P 1M4","-"
"Petronas Energy Canada Ltd",19FM3E340063,"-","Not Found",Not Found,"Scott Sefcik","scott.sefcik@nutanix.com",NX-8235-G6,5,"NX-8000","Shipped",-,2,"-",NX-SWO,"Not Found","Nutanix 20220304.420","Calgary",2019-11-01,Not Found,13.97 TiB,15.36 TB,105.55 TiB,96 TB,56,"Production: 24x7 service; NBD parts",EXPIRED,2019-11-01,2024-10-30,"14033516939","infrastructure@petronascanada.com",Jan 2025,Jul 2023,"Revenue - MITF","Americas North Enterprise & Canada","Canada Enterprise/Comm West","CompuCom","ARROW ECS CANADA","-","SO-066949","-","CANADA (CA)","T2P 1M4","1600 215 2ND ST SW, Calgary, AB, CANADA (CA), T2P 1M4","-"
"Petronas Energy Canada Ltd",19FM3E340078,"-","Not Found",Not Found,"Scott Sefcik","scott.sefcik@nutanix.com",NX-8235-G6,5,"NX-8000","Shipped",-,2,"-",NX-SWO,"Not Found","Nutanix 20230302.102001","Calgary",2019-11-01,Not Found,13.97 TiB,15.36 TB,105.55 TiB,96 TB,56,"Production: 24x7 service; NBD parts",EXPIRED,2019-11-01,2024-10-30,"14033516939","infrastructure@petronascanada.com",Jan 2025,Jul 2023,"Revenue - MITF","Americas North Enterprise & Canada","Canada Enterprise/Comm West","CompuCom","ARROW ECS CANADA","-","SO-066949","-","CANADA (CA)","T2P 1M4","1600 215 2ND ST SW, Calgary, AB, CANADA (CA), T2P 1M4","-"
"Petronas Energy Canada Ltd",19FM3E340082,"-","Not Found",Not Found,"Scott Sefcik","scott.sefcik@nutanix.com",NX-8235-G6,5,"NX-8000","Shipped",-,2,"-",NX-SWO,"Not Found","Nutanix 20230302.102001","Calgary",2019-11-01,Not Found,13.97 TiB,15.36 TB,105.55 TiB,96 TB,56,"Production: 24x7 service; NBD parts",EXPIRED,2019-11-01,2024-10-30,"14033516939","infrastructure@petronascanada.com",Jan 2025,Jul 2023,"Revenue - MITF","Americas North Enterprise & Canada","Canada Enterprise/Comm West","CompuCom","ARROW ECS CANADA","-","SO-066949","-","CANADA (CA)","T2P 1M4","1600 215 2ND ST SW, Calgary, AB, CANADA (CA), T2P 1M4","-"
"Petronas Energy Canada Ltd",19SM59190172,"-","Not Found",Not Found,"Scott Sefcik","scott.sefcik@nutanix.com",NX-1175S-G6,6,"NX-1175S","Shipped",-,1,"-",NX-SWO,"Not Found","Nutanix 20220304.480","Calgary",2019-05-29,Not Found,3.49 TiB,3.84 TB,8.80 TiB,8 TB,12,"Production: 24x7 service; NBD parts",EXPIRED,2019-05-29,2024-05-27,"14033516939","infrastructure@petronascanada.com",Dec 2025,Jun 2024,"Revenue - MITF","Americas North Enterprise & Canada","Canada Enterprise/Comm West","CompuCom","ARROW ECS CANADA","-","SO-058680","-","CANADA (CA)","T2P1M4","1600, 215 2nd st sw, Calgary, AB, CANADA (CA), T2P1M4","-"
"Petronas Energy Canada Ltd",19SM59190174,"-","Not Found",Not Found,"Scott Sefcik","scott.sefcik@nutanix.com",NX-1175S-G6,6,"NX-1175S","Shipped",-,1,"-",NX-SWO,"Not Found","Nutanix 20220304.480","Calgary",2019-05-29,Not Found,3.49 TiB,3.84 TB,8.80 TiB,8 TB,12,"Production: 24x7 service; NBD parts",EXPIRED,2019-05-29,2024-05-27,"14033516939","infrastructure@petronascanada.com",Dec 2025,Jun 2024,"Revenue - MITF","Americas North Enterprise & Canada","Canada Enterprise/Comm West","CompuCom","ARROW ECS CANADA","-","SO-058680","-","CANADA (CA)","T2P1M4","1600, 215 2nd st sw, Calgary, AB, CANADA (CA), T2P1M4","-"
"Petronas Energy Canada Ltd",19SM59190175,"-","Not Found",Not Found,"Scott Sefcik","scott.sefcik@nutanix.com",NX-1175S-G6,6,"NX-1175S","Shipped",-,1,"-",NX-SWO,"Not Found","Nutanix 20220304.480","Calgary",2019-05-29,Not Found,3.49 TiB,3.84 TB,8.80 TiB,8 TB,12,"Production: 24x7 service; NBD parts",EXPIRED,2019-05-29,2024-05-27,"14033516939","infrastructure@petronascanada.com",Dec 2025,Jun 2024,"Revenue - MITF","Americas North Enterprise & Canada","Canada Enterprise/Comm West","CompuCom","ARROW ECS CANADA","-","SO-058680","-","CANADA (CA)","T2P1M4","1600, 215 2nd st sw, Calgary, AB, CANADA (CA), T2P1M4","-"
"Petronas Energy Canada Ltd",19SW000091087,"-","Not Found",Not Found,"Scott Sefcik","scott.sefcik@nutanix.com",SW-AOS-ROBO-PRO-PRD-5YR,6,"Software Only","Shipped",-,-,"-",NX-SWO,"Not Found","-","Calgary",2019-05-29,Not Found,-,-,-,-,-,"Production: 24x7 service; NBD parts",EXPIRED,2019-05-29,2024-05-27,"-","-",-,-,"Revenue - MITF","Americas North Enterprise & Canada","Canada Enterprise/Comm West","CompuCom","ARROW ECS CANADA","-","SO-058680","-","CANADA (CA)","T2P1M4","1600, 215 2nd st sw, Calgary, AB, CANADA (CA), T2P1M4","-"
"Petronas Energy Canada Ltd",19SW000113856,"-","Not Found",Not Found,"Scott Sefcik","scott.sefcik@nutanix.com",SW-AOS-PRO-PRD-5YR,5,"Software Only","Shipped",-,-,"-",NX-SWO,"Not Found","-","Calgary",2019-11-01,Not Found,-,-,-,-,-,"Production: 24x7 service; NBD parts",EXPIRED,2019-11-01,2024-10-30,"-","-",-,-,"Revenue - MITF","Americas North Enterprise & Canada","Canada Enterprise/Comm West","CompuCom","ARROW ECS CANADA","-","SO-066949","-","CANADA (CA)","T2P 1M4","1600 215 2ND ST SW, Calgary, AB, CANADA (CA), T2P 1M4","-"
"Petronas Energy Canada Ltd",19SW000113857,"-","Not Found",Not Found,"Scott Sefcik","scott.sefcik@nutanix.com",SW-AOS-ADVREP-PRD-5YR,5,"Software Only","Shipped",-,-,"-",NX-SWO,"Not Found","-","Calgary",2019-11-01,Not Found,-,-,-,-,-,"Production: 24x7 service; NBD parts",EXPIRED,2019-11-01,2024-10-30,"-","-",-,-,"Revenue - MITF","Americas North Enterprise & Canada","Canada Enterprise/Comm West","CompuCom","ARROW ECS CANADA","-","SO-066949","-","CANADA (CA)","T2P 1M4","1600 215 2ND ST SW, Calgary, AB, CANADA (CA), T2P 1M4","-"
"Petronas Energy Canada Ltd",20FM5E400003,"OM203S046692","CG1NTX02",0005b25a-c5ae-bdb0-3c5d-3cecef180a5e,"Scott Sefcik","scott.sefcik@nutanix.com",NX-1175S-G7-CM,5,"NX-1175S","Shipped",-,1,"6.10",NX-SWO,"AHV","Nutanix 20230302.102001","Calgary",2020-10-01,2025-10-23 00:00,3.49 TiB,3.84 TB,26.39 TiB,24 TB,8,"Production: 24x7 service; NBD parts",EXPIRED,2020-10-01,2025-09-30,"14033516939","infrastructure@petronascanada.com",Jun 2027,Dec 2025,"Revenue - MITF","Americas North Enterprise & Canada","Canada Enterprise/Comm West","CompuCom Canada","ARROW ECS CANADA","-","SO-090392","-","CANADA (CA)","T2P 1M4","1600 215 2ND STREET SW, Calgary, AB, CANADA (CA), T2P 1M4","-"
"Petronas Energy Canada Ltd",20FM5E400004,"OM203S046892","CG1NTX02",0005b25a-c5ae-bdb0-3c5d-3cecef180a5e,"Scott Sefcik","scott.sefcik@nutanix.com",NX-1175S-G7-CM,5,"NX-1175S","Shipped",-,1,"6.10",NX-SWO,"AHV","Nutanix 20230302.102001","Calgary",2020-10-01,2025-10-23 00:00,3.49 TiB,3.84 TB,26.39 TiB,24 TB,8,"Production: 24x7 service; NBD parts",EXPIRED,2020-10-01,2025-09-30,"14033516939","infrastructure@petronascanada.com",Jun 2027,Dec 2025,"Revenue - MITF","Americas North Enterprise & Canada","Canada Enterprise/Comm West","CompuCom Canada","ARROW ECS CANADA","-","SO-090392","-","CANADA (CA)","T2P 1M4","1600 215 2ND STREET SW, Calgary, AB, CANADA (CA), T2P 1M4","-"
"Petronas Energy Canada Ltd",20FM5E400005,"OM203S046914","CG1NTX02",0005b25a-c5ae-bdb0-3c5d-3cecef180a5e,"Scott Sefcik","scott.sefcik@nutanix.com",NX-1175S-G7-CM,5,"NX-1175S","Shipped",-,1,"6.10",NX-SWO,"AHV","Nutanix 20230302.102001","Calgary",2020-10-01,2025-10-23 00:00,3.49 TiB,3.84 TB,26.39 TiB,24 TB,8,"Production: 24x7 service; NBD parts",EXPIRED,2020-10-01,2025-09-30,"14033516939","infrastructure@petronascanada.com",Jun 2027,Dec 2025,"Revenue - MITF","Americas North Enterprise & Canada","Canada Enterprise/Comm West","CompuCom Canada","ARROW ECS CANADA","-","SO-090392","-","CANADA (CA)","T2P 1M4","1600 215 2ND STREET SW, Calgary, AB, CANADA (CA), T2P 1M4","-"
"Petronas Energy Canada Ltd",20SM5E440198,"OM208S001772","CG1NTX03",0005b867-d944-5ddb-2015-3cecef19ba0d,"Scott Sefcik","scott.sefcik@nutanix.com",NX-1175S-G7-CM,4,"NX-1175S","Shipped",1,1,"6.10.1",NX-SWO,"AHV","20230302","Calgary",2020-12-07,2025-10-23 00:00,3.49 TiB,3.84 TB,26.39 TiB,24 TB,20,"Production: 24x7 service; NBD parts",Under Support,2020-12-07,2025-12-06,"14033516939","infrastructure@petronascanada.com",Jun 2027,Dec 2025,"Revenue - MITF","Americas North Enterprise & Canada","Canada Enterprise/Comm West","CompuCom Canada","ARROW ECS CANADA","-","SO-094748","-","CANADA (CA)","T2C 3C2","7007 54TH ST SE BLD D SUITE 204, Calgary, AB, CANADA (CA), T2C 3C2","-"
"Petronas Energy Canada Ltd",20SM5E440206,"OM208S001770","CG1NTX03",0005b867-d944-5ddb-2015-3cecef19ba0d,"Scott Sefcik","scott.sefcik@nutanix.com",NX-1175S-G7-CM,4,"NX-1175S","Shipped",1,1,"6.10.1",NX-SWO,"AHV","20230302","Calgary",2020-12-07,2025-10-23 00:00,3.49 TiB,3.84 TB,26.39 TiB,24 TB,20,"Production: 24x7 service; NBD parts",Under Support,2020-12-07,2025-12-06,"14033516939","infrastructure@petronascanada.com",Jun 2027,Dec 2025,"Revenue - MITF","Americas North Enterprise & Canada","Canada Enterprise/Comm West","CompuCom Canada","ARROW ECS CANADA","-","SO-094748","-","CANADA (CA)","T2C 3C2","7007 54TH ST SE BLD D SUITE 204, Calgary, AB, CANADA (CA), T2C 3C2","-"
"Petronas Energy Canada Ltd",20SM5E440214,"OM208S002018","CG1NTX03",0005b867-d944-5ddb-2015-3cecef19ba0d,"Scott Sefcik","scott.sefcik@nutanix.com",NX-1175S-G7-CM,4,"NX-1175S","Shipped",1,1,"6.10.1",NX-SWO,"AHV","20230302","Calgary",2020-12-07,2025-10-23 00:00,3.49 TiB,3.84 TB,26.39 TiB,24 TB,20,"Production: 24x7 service; NBD parts",Under Support,2020-12-07,2025-12-06,"14033516939","infrastructure@petronascanada.com",Jun 2027,Dec 2025,"Revenue - MITF","Americas North Enterprise & Canada","Canada Enterprise/Comm West","CompuCom Canada","ARROW ECS CANADA","-","SO-094748","-","CANADA (CA)","T2C 3C2","7007 54TH ST SE BLD D SUITE 204, Calgary, AB, CANADA (CA), T2C 3C2","-"
"Petronas Energy Canada Ltd",20SW000158692,"-","Not Found",Not Found,"Scott Sefcik","scott.sefcik@nutanix.com",SW-AOS-PRO-PRD-5YR,5,"Software Only","Shipped",-,-,"-",NX-SWO,"Not Found","-","Calgary",2020-10-01,Not Found,-,-,-,-,-,"Production: 24x7 service; NBD parts",EXPIRED,2020-10-01,2025-09-30,"-","-",-,-,"Revenue - MITF","Americas North Enterprise & Canada","Canada Enterprise/Comm West","CompuCom Canada","ARROW ECS CANADA","-","SO-090392","-","CANADA (CA)","T2P 1M4","1600 215 2ND STREET SW, Calgary, AB, CANADA (CA), T2P 1M4","-"
"Petronas Energy Canada Ltd",20SW000168104,"-","Not Found",Not Found,"Scott Sefcik","scott.sefcik@nutanix.com",SW-AOS-PRO-PRD-5YR,4,"Software Only","Shipped",-,-,"-",NX-SWO,"Not Found","-","Calgary",2020-12-07,Not Found,-,-,-,-,-,"Production: 24x7 service; NBD parts",Under Support,2020-12-07,2025-12-06,"-","-",-,-,"Revenue - MITF","Americas North Enterprise & Canada","Canada Enterprise/Comm West","CompuCom Canada","ARROW ECS CANADA","-","SO-094748","-","CANADA (CA)","T2C 3C2","7007 54TH ST SE BLD D SUITE 204, Calgary, AB, CANADA (CA), T2C 3C2","-"
"Petronas Energy Canada Ltd",21FM3F290052,"-","Not Found",Not Found,"Scott Sefcik","scott.sefcik@nutanix.com",NX-8135-G7-CM,4,"NX-8000","Shipped",-,1,"-",NX-SWO,"Not Found","Nutanix 20220304.242","Calgary",2021-07-22,Not Found,6.98 TiB,7.68 TB,52.78 TiB,48 TB,36,"Production: 24x7 service; NBD parts",Under Support,2021-07-22,2026-07-21,"14033516939","infrastructure@petronascanada.com",Mar 2027,Sep 2025,"Revenue - MITF","Americas North Enterprise & Canada","Canada Enterprise/Comm West","CompuCom Canada","ARROW ECS CANADA","-","SO-108811","-","CANADA (CA)","T2C 3C2","7007 54TH ST SE BLD D SUITE 204, Calgary, AB, CANADA (CA), T2C 3C2","-"
"Petronas Energy Canada Ltd",21FM3F310058,"HM214S004518, HM214S004733","CG2NTX01",00059c1d-becb-2afa-265f-ac1f6b3586c9,"Scott Sefcik","scott.sefcik@nutanix.com",NX-8135-G7-CM,4,"NX-8000","Shipped",2,1,"6.10.1",NX-SWO,"AHV","20230302","Calgary",2021-08-05,2025-10-23 00:00,6.98 TiB,7.68 TB,52.78 TiB,48 TB,36,"Production: 24x7 service; NBD parts",Under Support,2021-08-05,2026-08-04,"14033516939","infrastructure@petronascanada.com",Mar 2027,Sep 2025,"Revenue - MITF","Americas North Enterprise & Canada","Canada Enterprise/Comm West","CompuCom Canada","ARROW ECS CANADA","-","SO-110637","-","CANADA (CA)","T3C 3P9","1313 10 AVE SW, Calgary, AB, CANADA (CA), T3C 3P9","-"
"Petronas Energy Canada Ltd",21SG5E470005,"OM219S060757","B89J",0005d813-479e-9912-2c37-3cecefee84a2,"Scott Sefcik","scott.sefcik@nutanix.com",NX-1175S-G7-CM,3,"NX-1175S","Shipped",1,1,"7.3.1",NX-SWO,"AHV","10","Calgary",2021-11-23,2025-10-23 00:00,3.49 TiB,3.84 TB,26.39 TiB,24 TB,20,"Production: 24x7 service; NBD parts",Under Support,2021-11-23,2026-11-21,"14033516939","infrastructure@petronascanada.com",Jun 2027,Dec 2025,"Revenue - MITF","Americas North Enterprise & Canada","Canada Enterprise/Comm West","CompuCom","ARROW ECS CANADA","-","SO-118162","-","CANADA (CA)","T2P 1M4","1600 215 2ND STREET SW, Calgary, AB, CANADA (CA), T2P 1M4","-"
"Petronas Energy Canada Ltd",21SG5E470027,"OM219S060930","B89J",0005d813-479e-9912-2c37-3cecefee84a2,"Scott Sefcik","scott.sefcik@nutanix.com",NX-1175S-G7-CM,3,"NX-1175S","Shipped",1,1,"7.3.1",NX-SWO,"AHV","10","Calgary",2021-11-23,2025-10-23 00:00,3.49 TiB,3.84 TB,26.39 TiB,24 TB,20,"Production: 24x7 service; NBD parts",Under Support,2021-11-23,2026-11-21,"14033516939","infrastructure@petronascanada.com",Jun 2027,Dec 2025,"Revenue - MITF","Americas North Enterprise & Canada","Canada Enterprise/Comm West","CompuCom","ARROW ECS CANADA","-","SO-118162","-","CANADA (CA)","T2P 1M4","1600 215 2ND STREET SW, Calgary, AB, CANADA (CA), T2P 1M4","-"
"Petronas Energy Canada Ltd",21SG5E470033,"OM219S060908","B89J",0005d813-479e-9912-2c37-3cecefee84a2,"Scott Sefcik","scott.sefcik@nutanix.com",NX-1175S-G7-CM,3,"NX-1175S","Shipped",1,1,"7.3.1",NX-SWO,"AHV","10","Calgary",2021-11-23,2025-10-23 00:00,3.49 TiB,3.84 TB,26.39 TiB,24 TB,20,"Production: 24x7 service; NBD parts",Under Support,2021-11-23,2026-11-21,"14033516939","infrastructure@petronascanada.com",Jun 2027,Dec 2025,"Revenue - MITF","Americas North Enterprise & Canada","Canada Enterprise/Comm West","CompuCom","ARROW ECS CANADA","-","SO-118162","-","CANADA (CA)","T2P 1M4","1600 215 2ND STREET SW, Calgary, AB, CANADA (CA), T2P 1M4","-"
"Petronas Energy Canada Ltd",21SM5E510244,"OM219S060808","CG1NTX03",0005b867-d944-5ddb-2015-3cecef19ba0d,"Scott Sefcik","scott.sefcik@nutanix.com",NX-1175S-G7-CM,3,"NX-1175S","Shipped",1,1,"6.10.1",NX-SWO,"AHV","20230302","Calgary",2022-01-07,2025-10-23 00:00,3.49 TiB,3.84 TB,26.39 TiB,24 TB,20,"Production: 24x7 service; NBD parts",Under Support,2022-01-07,2027-01-06,"14033516939","infrastructure@petronascanada.com",Jun 2027,Dec 2025,"Revenue - MITF","Americas North Enterprise & Canada","Canada Enterprise/Comm West","CompuCom Canada","ARROW ECS CANADA","-","SO-120618","-","CANADA (CA)","T2P 1M4","1600 215 2ND STREET SW, Calgary, AB, CANADA (CA), T2P 1M4","-"
"Petronas Energy Canada Ltd",21SM5M400471,"HM236S002456","CG1NTX01",00059c0d-e562-6375-7211-ac1f6b356611,"Scott Sefcik","scott.sefcik@nutanix.com",NX-8170-G8-CM,2,"NX-8170","Shipped",1,1,"6.10.1",NX-SWO,"AHV","20230302","Calgary",2023-08-24,2025-10-23 00:00,83.82 TiB,92.16 TB,-,-,32,"Production: 24x7 service; NBD parts",Under Support,2023-08-24,2028-08-23,"14033516939","infrastructure@petronascanada.com",Jul 2029,Jan 2028,"Revenue - MITF","Americas North Enterprise & Canada","Canada Enterprise/Comm West","CompuCom Canada","ARROW ECS CANADA","-","SO-165144","-","CANADA (CA)","T2C 3C3","7007 54TH ST SE, Calgary, AB, CANADA (CA), T2C 3C3","-"
"Petronas Energy Canada Ltd",21SW000199642,"-","Not Found",Not Found,"Scott Sefcik","scott.sefcik@nutanix.com",SW-AOS-PRO-PRD,4,"Software Only","Shipped",-,-,"-",NX-SWO,"Not Found","-","Calgary",2021-07-22,Not Found,-,-,-,-,-,"Production: 24x7 service; NBD parts",Under Support,2021-07-22,2026-07-21,"-","-",-,-,"Revenue - MITF","Americas North Enterprise & Canada","Canada Enterprise/Comm West","CompuCom Canada","ARROW ECS CANADA","-","SO-108811","-","CANADA (CA)","T2C 3C2","7007 54TH ST SE BLD D SUITE 204, Calgary, AB, CANADA (CA), T2C 3C2","-"
"Petronas Energy Canada Ltd",21SW000199643,"-","Not Found",Not Found,"Scott Sefcik","scott.sefcik@nutanix.com",SW-AOS-ADVREP-PRD,4,"Software Only","Shipped",-,-,"-",NX-SWO,"Not Found","-","Calgary",2021-07-22,Not Found,-,-,-,-,-,"Production: 24x7 service; NBD parts",Under Support,2021-07-22,2026-07-21,"-","-",-,-,"Revenue - MITF","Americas North Enterprise & Canada","Canada Enterprise/Comm West","CompuCom Canada","ARROW ECS CANADA","-","SO-108811","-","CANADA (CA)","T2C 3C2","7007 54TH ST SE BLD D SUITE 204, Calgary, AB, CANADA (CA), T2C 3C2","-"
"Petronas Energy Canada Ltd",21SW000202274,"-","Not Found",Not Found,"Scott Sefcik","scott.sefcik@nutanix.com",SW-AOS-PRO-PRD,4,"Software Only","Shipped",-,-,"-",NX-SWO,"Not Found","-","Calgary",2021-08-05,Not Found,-,-,-,-,-,"Production: 24x7 service; NBD parts",Under Support,2021-08-05,2026-08-04,"-","-",-,-,"Revenue - MITF","Americas North Enterprise & Canada","Canada Enterprise/Comm West","CompuCom Canada","ARROW ECS CANADA","-","SO-110637","-","CANADA (CA)","T3C 3P9","1313 10 AVE SW, Calgary, AB, CANADA (CA), T3C 3P9","-"
"Petronas Energy Canada Ltd",21SW000202275,"-","Not Found",Not Found,"Scott Sefcik","scott.sefcik@nutanix.com",SW-AOS-ADVREP-PRD,4,"Software Only","Shipped",-,-,"-",NX-SWO,"Not Found","-","Calgary",2021-08-05,Not Found,-,-,-,-,-,"Production: 24x7 service; NBD parts",Under Support,2021-08-05,2026-08-04,"-","-",-,-,"Revenue - MITF","Americas North Enterprise & Canada","Canada Enterprise/Comm West","CompuCom Canada","ARROW ECS CANADA","-","SO-110637","-","CANADA (CA)","T3C 3P9","1313 10 AVE SW, Calgary, AB, CANADA (CA), T3C 3P9","-"
"Petronas Energy Canada Ltd",21SW000215677,"-","Not Found",Not Found,"Scott Sefcik","scott.sefcik@nutanix.com",SW-AOS-PRO-PRD-5YR,3,"Software Only","Shipped",-,-,"-",NX-SWO,"Not Found","-","Calgary",2021-11-23,Not Found,-,-,-,-,-,"Production: 24x7 service; NBD parts",Under Support,2021-11-23,2026-11-22,"-","-",-,-,"Revenue - MITF","Americas North Enterprise & Canada","Canada Enterprise/Comm West","CompuCom","ARROW ECS CANADA","-","SO-118162","-","CANADA (CA)","T2P 1M4","1600 215 2ND STREET SW, Calgary, AB, CANADA (CA), T2P 1M4","-"
"Petronas Energy Canada Ltd",22SG3G490023,"HM229S022377, HM229S022378","CG2NTX01",00059c1d-becb-2afa-265f-ac1f6b3586c9,"Scott Sefcik","scott.sefcik@nutanix.com",NX-8235N-G8-CM,2,"NX-8035N","Shipped",2,2,"6.10.1",NX-SWO,"AHV","20230302","Calgary",2022-12-19,2025-10-23 00:00,13.97 TiB,15.36 TB,105.55 TiB,96 TB,64,"Production: 24x7 service; NBD parts",Under Support,2022-12-19,2027-12-18,"14033516939","infrastructure@petronascanada.com",Jul 2029,Jan 2028,"Revenue - MITF","Americas North Enterprise & Canada","Canada Enterprise/Comm West","CompuCom Canada","ARROW ECS CANADA","-","SO-146772","-","CANADA (CA)","T2C 3C2","7007 54TH ST SE BLD D SUITE 204, Calgary, AB, CANADA (CA), T2C 3C2","-"
"Petronas Energy Canada Ltd",22SW000220745,"-","Not Found",Not Found,"Scott Sefcik","scott.sefcik@nutanix.com",SW-AOS-PRO-PRD-5YR,3,"Software Only","Shipped",-,-,"-",NX-SWO,"Not Found","-","Calgary",2022-01-07,Not Found,-,-,-,-,-,"Production: 24x7 service; NBD parts",Under Support,2022-01-07,2027-01-06,"-","-",-,-,"Revenue - MITF","Americas North Enterprise & Canada","Canada Enterprise/Comm West","CompuCom Canada","ARROW ECS CANADA","-","SO-120618","-","CANADA (CA)","T2P 1M4","1600 215 2ND STREET SW, Calgary, AB, CANADA (CA), T2P 1M4","-"
"Petronas Energy Canada Ltd",22SW000269357,"-","Not Found",Not Found,"Scott Sefcik","scott.sefcik@nutanix.com",SW-AOS-PRO-PRD,2,"Software Only","Shipped",-,-,"-",NX-SWO,"Not Found","-","Calgary",2022-12-19,Not Found,-,-,-,-,-,"Production: 24x7 service; NBD parts",Under Support,2022-12-19,2027-12-18,"-","-",-,-,"Revenue - MITF","Americas North Enterprise & Canada","Canada Enterprise/Comm West","CompuCom Canada","ARROW ECS CANADA","-","SO-146772","-","CANADA (CA)","T2C 3C2","7007 54TH ST SE BLD D SUITE 204, Calgary, AB, CANADA (CA), T2C 3C2","-"
"Petronas Energy Canada Ltd",23SG5K360033,"HM236S007306","CG1NTX01",00059c0d-e562-6375-7211-ac1f6b356611,"Scott Sefcik","scott.sefcik@nutanix.com",NX-8170-G8-CM,1,"NX-8170","Shipped",1,1,"6.10.1",NX-SWO,"AHV","20230302","Calgary",2023-11-02,2025-10-23 00:00,83.82 TiB,92.16 TB,-,-,32,"Production: 24x7 service; NBD parts",Under Support,2023-11-02,2028-11-01,"14033516939","infrastructure@petronascanada.com",Jul 2029,Jan 2028,"Revenue - MITF","Americas North Enterprise & Canada","Canada Enterprise/Comm West","CompuCom Canada","ARROW ECS CANADA","-","SO-167706","-","CANADA (CA)","T2C 3C2","7007 54TH ST SE BLD D SUITE 204, Calgary, AB, CANADA (CA), T2C 3C2","-"
"Petronas Energy Canada Ltd",23SG5N390022,"OM22CS020873","CG1NTX02",0005b25a-c5ae-bdb0-3c5d-3cecef180a5e,"Scott Sefcik","scott.sefcik@nutanix.com",NX-1175S-G8-CM,1,"NX-1175S","Shipped",-,1,"6.10",NX-SWO,"AHV","Nutanix 20230302.102001","Calgary",2023-11-02,2025-10-23 00:00,3.49 TiB,3.84 TB,26.39 TiB,24 TB,8,"Production: 24x7 service; NBD parts",Under Support,2023-11-02,2028-11-01,"14033516939","infrastructure@petronascanada.com",Jul 2029,Jan 2028,"Revenue - MITF","Americas North Enterprise & Canada","Canada Enterprise/Comm West","CompuCom Canada","ARROW ECS CANADA","-","SO-167706","-","CANADA (CA)","T2C 3C2","7007 54TH ST SE BLD D SUITE 204, Calgary, AB, CANADA (CA), T2C 3C2","-"
"Petronas Energy Canada Ltd",23SH5J170566,"HM22CS010094","CG1NTX04",0005fc76-8db4-3aae-23df-7cc255357f98,"Scott Sefcik","scott.sefcik@nutanix.com",NX-3155GN-G8-CM,2,"NX-3155GN","Shipped",1,1,"6.10",NX-SWO,"AHV","20230302","Calgary",2023-05-09,2025-10-23 00:00,20.95 TiB,23.04 TB,0.00 TiB,0 TB,48,"Production: 24x7 service; NBD parts",Under Support,2023-05-09,2028-05-08,"14033516939","infrastructure@petronascanada.com",Jul 2029,Jan 2028,"Revenue - MITF","Americas North Enterprise & Canada","Canada Enterprise/Comm West","CompuCom Canada","ARROW ECS CANADA","-","SO-157188","-","CANADA (CA)","T2C3C2","7007 54TH ST SE BUILDING D STE 204 DUSTIN FENRICH, Calgary, AB, CANADA (CA), T2C3C2","-"
"Petronas Energy Canada Ltd",23SH5J170567,"HM22CS009425","CG1NTX04",0005fc76-8db4-3aae-23df-7cc255357f98,"Scott Sefcik","scott.sefcik@nutanix.com",NX-3155GN-G8-CM,2,"NX-3155GN","Shipped",1,1,"6.10",NX-SWO,"AHV","20230302","Calgary",2023-05-09,2025-10-23 00:00,20.95 TiB,23.04 TB,0.00 TiB,0 TB,48,"Production: 24x7 service; NBD parts",Under Support,2023-05-09,2028-05-08,"14033516939","infrastructure@petronascanada.com",Jul 2029,Jan 2028,"Revenue - MITF","Americas North Enterprise & Canada","Canada Enterprise/Comm West","CompuCom Canada","ARROW ECS CANADA","-","SO-157188","-","CANADA (CA)","T2C3C2","7007 54TH ST SE BUILDING D STE 204 DUSTIN FENRICH, Calgary, AB, CANADA (CA), T2C3C2","-"
"Petronas Energy Canada Ltd",23SH5J170570,"HM22CS010037","CG1NTX04",0005fc76-8db4-3aae-23df-7cc255357f98,"Scott Sefcik","scott.sefcik@nutanix.com",NX-3155GN-G8-CM,2,"NX-3155GN","Shipped",1,1,"6.10",NX-SWO,"AHV","20230302","Calgary",2023-05-09,2025-10-23 00:00,20.95 TiB,23.04 TB,0.00 TiB,0 TB,48,"Production: 24x7 service; NBD parts",Under Support,2023-05-09,2028-05-08,"14033516939","infrastructure@petronascanada.com",Jul 2029,Jan 2028,"Revenue - MITF","Americas North Enterprise & Canada","Canada Enterprise/Comm West","CompuCom Canada","ARROW ECS CANADA","-","SO-157188","-","CANADA (CA)","T2C3C2","7007 54TH ST SE BUILDING D STE 204 DUSTIN FENRICH, Calgary, AB, CANADA (CA), T2C3C2","-"
"Petronas Energy Canada Ltd",23SH5J170572,"HM22CS010115","CG1NTX04",0005fc76-8db4-3aae-23df-7cc255357f98,"Scott Sefcik","scott.sefcik@nutanix.com",NX-3155GN-G8-CM,2,"NX-3155GN","Shipped",1,1,"6.10",NX-SWO,"AHV","20230302","Calgary",2023-05-09,2025-10-23 00:00,20.95 TiB,23.04 TB,0.00 TiB,0 TB,48,"Production: 24x7 service; NBD parts",Under Support,2023-05-09,2028-05-08,"14033516939","infrastructure@petronascanada.com",Jul 2029,Jan 2028,"Revenue - MITF","Americas North Enterprise & Canada","Canada Enterprise/Comm West","CompuCom Canada","ARROW ECS CANADA","-","SO-157188","-","CANADA (CA)","T2C3C2","7007 54TH ST SE BUILDING D STE 204 DUSTIN FENRICH, Calgary, AB, CANADA (CA), T2C3C2","-"
"Petronas Energy Canada Ltd",23SH5J170576,"HM22CS010168","CG1NTX04",0005fc76-8db4-3aae-23df-7cc255357f98,"Scott Sefcik","scott.sefcik@nutanix.com",NX-3155GN-G8-CM,2,"NX-3155GN","Shipped",1,1,"6.10",NX-SWO,"AHV","20230302","Calgary",2023-05-09,2025-10-23 00:00,20.95 TiB,23.04 TB,0.00 TiB,0 TB,48,"Production: 24x7 service; NBD parts",Under Support,2023-05-09,2028-05-08,"14033516939","infrastructure@petronascanada.com",Jul 2029,Jan 2028,"Revenue - MITF","Americas North Enterprise & Canada","Canada Enterprise/Comm West","CompuCom Canada","ARROW ECS CANADA","-","SO-157188","-","CANADA (CA)","T2C3C2","7007 54TH ST SE BUILDING D STE 204 DUSTIN FENRICH, Calgary, AB, CANADA (CA), T2C3C2","-"
"Petronas Energy Canada Ltd",23SH5K330143,"-","Not Found",Not Found,"Scott Sefcik","scott.sefcik@nutanix.com",NX-8170-G8-CM,2,"NX-8170","Replacement Shipped",-,1,"-",NX-SWO,"Not Found","Nutanix 20220304.488","Calgary",2023-08-24,Not Found,83.82 TiB,92.16 TB,-,-,32,"Production: 24x7 service; NBD parts",No Support Contract,2023-08-24,2028-08-23,"14033516939","infrastructure@petronascanada.com",Jul 2029,Jan 2028,"Revenue - MITF","Americas North Enterprise & Canada","Canada Enterprise/Comm West","CompuCom Canada","ARROW ECS CANADA","-","SO-165144","-","CANADA (CA)","T2C 3C3","7007 54TH ST SE, Calgary, AB, CANADA (CA), T2C 3C3","-"
"Petronas Energy Canada Ltd",23SH5K330148,"HM236S002581","CG1NTX01",00059c0d-e562-6375-7211-ac1f6b356611,"Scott Sefcik","scott.sefcik@nutanix.com",NX-8170-G8-CM,2,"NX-8170","Shipped",1,1,"6.10.1",NX-SWO,"AHV","20230302","Calgary",2023-08-24,2025-10-23 00:00,83.82 TiB,92.16 TB,-,-,32,"Production: 24x7 service; NBD parts",Under Support,2023-08-24,2028-08-23,"14033516939","infrastructure@petronascanada.com",Jul 2029,Jan 2028,"Revenue - MITF","Americas North Enterprise & Canada","Canada Enterprise/Comm West","CompuCom Canada","ARROW ECS CANADA","-","SO-165144","-","CANADA (CA)","T2C 3C3","7007 54TH ST SE, Calgary, AB, CANADA (CA), T2C 3C3","-"
"Petronas Energy Canada Ltd",23SH5K440113,"HM23AS001610","CG2NTX01",00059c1d-becb-2afa-265f-ac1f6b3586c9,"Scott Sefcik","scott.sefcik@nutanix.com",NX-8170-G8-CM,1,"NX-8170","Shipped",1,1,"6.10.1",NX-SWO,"AHV","20230302","Calgary",2023-11-29,2025-10-23 00:00,83.82 TiB,92.16 TB,-,-,40,"Production: 24x7 service; NBD parts",Under Support,2023-11-29,2028-11-28,"14033516939","infrastructure@petronascanada.com",Jul 2029,Jan 2028,"Revenue - MITF","Americas North Enterprise & Canada","Canada Enterprise/Comm West","CompuCom Canada","ARROW ECS CANADA","-","SO-171778","-","CANADA (CA)","T2C3C2","204-7007 54 ST SE STE 204, Calgary, AB, CANADA (CA), T2C3C2","-"
"Petronas Energy Canada Ltd",23SH5K440142,"HM23AS001356","CG1NTX01",00059c0d-e562-6375-7211-ac1f6b356611,"Scott Sefcik","scott.sefcik@nutanix.com",NX-8170-G8-CM,1,"NX-8170","Shipped",1,1,"6.10.1",NX-SWO,"AHV","20230302","Calgary",2023-11-29,2025-10-23 00:00,83.82 TiB,92.16 TB,-,-,40,"Production: 24x7 service; NBD parts",Under Support,2023-11-29,2028-11-28,"14033516939","infrastructure@petronascanada.com",Jul 2029,Jan 2028,"Revenue - MITF","Americas North Enterprise & Canada","Canada Enterprise/Comm West","CompuCom Canada","ARROW ECS CANADA","-","SO-171778","-","CANADA (CA)","T2C3C2","204-7007 54 ST SE STE 204, Calgary, AB, CANADA (CA), T2C3C2","-"
"Petronas Energy Canada Ltd",23SH5K440170,"HM23AS001372","CG1NTX01",00059c0d-e562-6375-7211-ac1f6b356611,"Scott Sefcik","scott.sefcik@nutanix.com",NX-8170-G8-CM,1,"NX-8170","Shipped",1,1,"6.10.1",NX-SWO,"AHV","20230302","Calgary",2023-11-29,2025-10-23 00:00,83.82 TiB,92.16 TB,-,-,40,"Production: 24x7 service; NBD parts",Under Support,2023-11-29,2028-11-28,"14033516939","infrastructure@petronascanada.com",Jul 2029,Jan 2028,"Revenue - MITF","Americas North Enterprise & Canada","Canada Enterprise/Comm West","CompuCom Canada","ARROW ECS CANADA","-","SO-171778","-","CANADA (CA)","T2C3C2","204-7007 54 ST SE STE 204, Calgary, AB, CANADA (CA), T2C3C2","-"
"Petronas Energy Canada Ltd",23SH5K440175,"HM23AS001367","CG2NTX01",00059c1d-becb-2afa-265f-ac1f6b3586c9,"Scott Sefcik","scott.sefcik@nutanix.com",NX-8170-G8-CM,1,"NX-8170","Shipped",1,1,"6.10.1",NX-SWO,"AHV","20230302","Calgary",2023-11-29,2025-10-23 00:00,83.82 TiB,92.16 TB,-,-,40,"Production: 24x7 service; NBD parts",Under Support,2023-11-29,2028-11-28,"14033516939","infrastructure@petronascanada.com",Jul 2029,Jan 2028,"Revenue - MITF","Americas North Enterprise & Canada","Canada Enterprise/Comm West","CompuCom Canada","ARROW ECS CANADA","-","SO-171778","-","CANADA (CA)","T2C3C2","204-7007 54 ST SE STE 204, Calgary, AB, CANADA (CA), T2C3C2","-"
"Petronas Energy Canada Ltd",23SH5K440177,"HM23AS001386","CG2NTX01",00059c1d-becb-2afa-265f-ac1f6b3586c9,"Scott Sefcik","scott.sefcik@nutanix.com",NX-8170-G8-CM,1,"NX-8170","Shipped",1,1,"6.10.1",NX-SWO,"AHV","20230302","Calgary",2023-11-29,2025-10-23 00:00,83.82 TiB,92.16 TB,-,-,40,"Production: 24x7 service; NBD parts",Under Support,2023-11-29,2028-11-28,"14033516939","infrastructure@petronascanada.com",Jul 2029,Jan 2028,"Revenue - MITF","Americas North Enterprise & Canada","Canada Enterprise/Comm West","CompuCom Canada","ARROW ECS CANADA","-","SO-171778","-","CANADA (CA)","T2C3C2","204-7007 54 ST SE STE 204, Calgary, AB, CANADA (CA), T2C3C2","-"
"Petronas Energy Canada Ltd",23SH5K440189,"HM23AS001353","CG1NTX01",00059c0d-e562-6375-7211-ac1f6b356611,"Scott Sefcik","scott.sefcik@nutanix.com",NX-8170-G8-CM,1,"NX-8170","Shipped",1,1,"6.10.1",NX-SWO,"AHV","20230302","Calgary",2023-11-29,2025-10-23 00:00,83.82 TiB,92.16 TB,-,-,40,"Production: 24x7 service; NBD parts",Under Support,2023-11-29,2028-11-28,"14033516939","infrastructure@petronascanada.com",Jul 2029,Jan 2028,"Revenue - MITF","Americas North Enterprise & Canada","Canada Enterprise/Comm West","CompuCom Canada","ARROW ECS CANADA","-","SO-171778","-","CANADA (CA)","T2C3C2","204-7007 54 ST SE STE 204, Calgary, AB, CANADA (CA), T2C3C2","-"
"Petronas Energy Canada Ltd",23SH5K440201,"HM23AS001453","CG1NTX01",00059c0d-e562-6375-7211-ac1f6b356611,"Scott Sefcik","scott.sefcik@nutanix.com",NX-8170-G8-CM,1,"NX-8170","Shipped",1,1,"6.10.1",NX-SWO,"AHV","20230302","Calgary",2023-11-29,2025-10-23 00:00,83.82 TiB,92.16 TB,-,-,40,"Production: 24x7 service; NBD parts",Under Support,2023-11-29,2028-11-28,"14033516939","infrastructure@petronascanada.com",Jul 2029,Jan 2028,"Revenue - MITF","Americas North Enterprise & Canada","Canada Enterprise/Comm West","CompuCom Canada","ARROW ECS CANADA","-","SO-171778","-","CANADA (CA)","T2C3C2","204-7007 54 ST SE STE 204, Calgary, AB, CANADA (CA), T2C3C2","-"
"Petronas Energy Canada Ltd",23SH5K440208,"HM23AS001337","CG2NTX01",00059c1d-becb-2afa-265f-ac1f6b3586c9,"Scott Sefcik","scott.sefcik@nutanix.com",NX-8170-G8-CM,1,"NX-8170","Shipped",1,1,"6.10.1",NX-SWO,"AHV","20230302","Calgary",2023-11-29,2025-10-23 00:00,83.82 TiB,92.16 TB,-,-,40,"Production: 24x7 service; NBD parts",Under Support,2023-11-29,2028-11-28,"14033516939","infrastructure@petronascanada.com",Jul 2029,Jan 2028,"Revenue - MITF","Americas North Enterprise & Canada","Canada Enterprise/Comm West","CompuCom Canada","ARROW ECS CANADA","-","SO-171778","-","CANADA (CA)","T2C3C2","204-7007 54 ST SE STE 204, Calgary, AB, CANADA (CA), T2C3C2","-"
"Petronas Energy Canada Ltd",23SH5N470470,"OM23AS019388","C72A",00058a98-f316-4543-0000-00000002933c,"Scott Sefcik","scott.sefcik@nutanix.com",NX-1175S-G8-CM,1,"NX-1175S","Shipped",1,1,"6.10",NX-SWO,"AHV","20230302","Fort St. John",2024-01-08,2025-10-23 00:00,3.49 TiB,3.84 TB,13.19 TiB,12 TB,20,"Production: 24x7 service; NBD parts",Under Support,2024-01-08,2029-01-07,"14033516939","infrastructure@petronascanada.com",Jul 2029,Jan 2028,"Revenue - MITF","Americas North Enterprise & Canada","Canada Enterprise/Comm West","CompuCom","ARROW ECS CANADA","-","SO-174719","-","CANADA (CA)","V1J 8C5","6954 100 AVE, Fort St. John, BC, CANADA (CA), V1J 8C5","-"
"Petronas Energy Canada Ltd",23SH5N470492,"OM23AS019405","C72A",00058a98-f316-4543-0000-00000002933c,"Scott Sefcik","scott.sefcik@nutanix.com",NX-1175S-G8-CM,1,"NX-1175S","Shipped",1,1,"6.10",NX-SWO,"AHV","20230302","Fort St. John",2024-01-08,2025-10-23 00:00,3.49 TiB,3.84 TB,13.19 TiB,12 TB,20,"Production: 24x7 service; NBD parts",Under Support,2024-01-08,2029-01-07,"14033516939","infrastructure@petronascanada.com",Jul 2029,Jan 2028,"Revenue - MITF","Americas North Enterprise & Canada","Canada Enterprise/Comm West","CompuCom","ARROW ECS CANADA","-","SO-174719","-","CANADA (CA)","V1J 8C5","6954 100 AVE, Fort St. John, BC, CANADA (CA), V1J 8C5","-"
"Petronas Energy Canada Ltd",23SH5N470504,"OM23AS019297","C72A",00058a98-f316-4543-0000-00000002933c,"Scott Sefcik","scott.sefcik@nutanix.com",NX-1175S-G8-CM,1,"NX-1175S","Shipped",1,1,"6.10",NX-SWO,"AHV","20230302","Fort St. John",2024-01-08,2025-10-23 00:00,3.49 TiB,3.84 TB,13.19 TiB,12 TB,20,"Production: 24x7 service; NBD parts",Under Support,2024-01-08,2029-01-07,"14033516939","infrastructure@petronascanada.com",Jul 2029,Jan 2028,"Revenue - MITF","Americas North Enterprise & Canada","Canada Enterprise/Comm West","CompuCom","ARROW ECS CANADA","-","SO-174719","-","CANADA (CA)","V1J 8C5","6954 100 AVE, Fort St. John, BC, CANADA (CA), V1J 8C5","-"
"Petronas Energy Canada Ltd",23SW000279050,"-","Not Found",Not Found,"Scott Sefcik","scott.sefcik@nutanix.com",SW-AOS-ADVREP-PRD,2,"Software Only","Shipped",-,-,"-",NX-SWO,"Not Found","-","Calgary",2023-02-22,Not Found,-,-,-,-,-,"Production: 24x7 service; NBD parts",Under Support,2023-02-22,2027-12-21,"-","-",-,-,"SW Only","Americas North Enterprise & Canada","Canada Enterprise/Comm West","CompuCom Canada","ARROW ECS CANADA","-","SO-151951","-","CANADA (CA)","T2P 1M4","215 2 St SW #1600, Calgary, AB, CANADA (CA), T2P 1M4","-"
"Petronas Energy Canada Ltd",23SW000289217,"-","CG1NTX04",0005fc76-8db4-3aae-23df-7cc255357f98,"Scott Sefcik","scott.sefcik@nutanix.com",SW-EUC-PRO-PR,2,"Software Only","Shipped",-,-,"6.10",NX-SWO,"AHV","-","Calgary",2023-05-09,2025-10-23 00:00,-,-,-,-,-,"Production: 24x7 service; NBD parts",Under Support,2023-05-09,2028-05-08,"-","-",-,-,"Revenue - MITF","Americas North Enterprise & Canada","Canada Enterprise/Comm West","CompuCom Canada","ARROW ECS CANADA","-","SO-157188","-","CANADA (CA)","T2C3C2","7007 54TH ST SE BUILDING D STE 204 DUSTIN FENRICH, Calgary, AB, CANADA (CA), T2C3C2","-"
"Petronas Energy Canada Ltd",23SW000289218,"-","CG1PRISM",d890c827-4e71-44c8-aa87-55b6b64398a2,"Scott Sefcik","scott.sefcik@nutanix.com",SW-NCM-STR-PR,2,"Software Only","Shipped",-,-,"7.3.1",NX-SWO,"Not Found","-","Calgary",2023-05-09,2025-10-23 00:00,-,-,-,-,-,"Production: 24x7 service; NBD parts",Under Support,2023-05-09,2028-05-08,"-","-",-,-,"Revenue - MITF","Americas North Enterprise & Canada","Canada Enterprise/Comm West","CompuCom Canada","ARROW ECS CANADA","-","SO-157188","-","CANADA (CA)","T2C3C2","7007 54TH ST SE BUILDING D STE 204 DUSTIN FENRICH, Calgary, AB, CANADA (CA), T2C3C2","-"
"Petronas Energy Canada Ltd",23SW000291024,"-","Not Found",Not Found,"Scott Sefcik","scott.sefcik@nutanix.com",SW-NCI-PRO-PR,5,"Software Only","Shipped",-,-,"-",NX-SWO,"Not Found","-","Calgary",2019-11-01,Not Found,-,-,-,-,-,"Production: 24x7 service; NBD parts",EXPIRED,2023-05-17,2024-10-30,"-","-",-,-,"Revenue - MITF","Americas North Enterprise & Canada","Canada Enterprise/Comm West","CompuCom","ARROW ECS CANADA","-","SO-066949","-","CANADA (CA)","T2P 1M4","1600 215 2ND ST SW, Calgary, AB, CANADA (CA), T2P 1M4","-"
"Petronas Energy Canada Ltd",23SW000291025,"-","Not Found",Not Found,"Scott Sefcik","scott.sefcik@nutanix.com",SWA-NCI-ADR-PR,5,"Software Only","Shipped",-,-,"-",NX-SWO,"Not Found","-","Calgary",2019-11-01,Not Found,-,-,-,-,-,"Production: 24x7 service; NBD parts",EXPIRED,2023-05-17,2024-10-30,"-","-",-,-,"Revenue - MITF","Americas North Enterprise & Canada","Canada Enterprise/Comm West","CompuCom","ARROW ECS CANADA","-","SO-066949","-","CANADA (CA)","T2P 1M4","1600 215 2ND ST SW, Calgary, AB, CANADA (CA), T2P 1M4","-"
"Petronas Energy Canada Ltd",23SW000291026,"-","Not Found",Not Found,"Scott Sefcik","scott.sefcik@nutanix.com",SW-NCI-PRO-PR,5,"Software Only","Shipped",-,-,"-",NX-SWO,"Not Found","-","Calgary",2020-10-01,Not Found,-,-,-,-,-,"Production: 24x7 service; NBD parts",EXPIRED,2023-05-17,2025-09-30,"-","-",-,-,"Revenue - MITF","Americas North Enterprise & Canada","Canada Enterprise/Comm West","CompuCom Canada","ARROW ECS CANADA","-","SO-090392","-","CANADA (CA)","T2P 1M4","1600 215 2ND STREET SW, Calgary, AB, CANADA (CA), T2P 1M4","-"
"Petronas Energy Canada Ltd",23SW000291027,"-","CG1NTX01",00059c0d-e562-6375-7211-ac1f6b356611,"Scott Sefcik","scott.sefcik@nutanix.com",SW-NCI-PRO-PR,4,"Software Only","Shipped",-,-,"6.10.1",NX-SWO,"AHV","-","Calgary",2020-12-07,2025-10-23 00:00,-,-,-,-,-,"Production: 24x7 service; NBD parts",Under Support,2023-05-17,2025-12-06,"-","-",-,-,"Revenue - MITF","Americas North Enterprise & Canada","Canada Enterprise/Comm West","CompuCom Canada","ARROW ECS CANADA","-","SO-094748","-","CANADA (CA)","T2C 3C2","7007 54TH ST SE BLD D SUITE 204, Calgary, AB, CANADA (CA), T2C 3C2","-"
"Petronas Energy Canada Ltd",23SW000291028,"-","CG1NTX01",00059c0d-e562-6375-7211-ac1f6b356611,"Scott Sefcik","scott.sefcik@nutanix.com",SW-NCI-PRO-PR,3,"Software Only","Shipped",-,-,"6.10.1",NX-SWO,"AHV","-","Calgary",2022-01-07,2025-10-23 00:00,-,-,-,-,-,"Production: 24x7 service; NBD parts",Under Support,2023-05-17,2027-01-06,"-","-",-,-,"Revenue - MITF","Americas North Enterprise & Canada","Canada Enterprise/Comm West","CompuCom Canada","ARROW ECS CANADA","-","SO-120618","-","CANADA (CA)","T2P 1M4","1600 215 2ND STREET SW, Calgary, AB, CANADA (CA), T2P 1M4","-"
"Petronas Energy Canada Ltd",23SW000291029,"-","CG1NTX01",00059c0d-e562-6375-7211-ac1f6b356611,"Scott Sefcik","scott.sefcik@nutanix.com",SW-NCI-PRO-PR,2,"Software Only","Shipped",-,-,"6.10.1",NX-SWO,"AHV","-","Calgary",2022-12-19,2025-10-23 00:00,-,-,-,-,-,"Production: 24x7 service; NBD parts",Under Support,2023-05-17,2027-12-18,"-","-",-,-,"Revenue - MITF","Americas North Enterprise & Canada","Canada Enterprise/Comm West","CompuCom Canada","ARROW ECS CANADA","-","SO-146772","-","CANADA (CA)","T2C 3C2","7007 54TH ST SE BLD D SUITE 204, Calgary, AB, CANADA (CA), T2C 3C2","-"
"Petronas Energy Canada Ltd",23SW000291030,"-","CG2NTX01",00059c1d-becb-2afa-265f-ac1f6b3586c9,"Scott Sefcik","scott.sefcik@nutanix.com",SWA-NCI-ADR-PR,2,"Software Only","Shipped",-,-,"6.10.1",NX-SWO,"AHV","-","Calgary",2023-02-22,2025-10-23 00:00,-,-,-,-,-,"Production: 24x7 service; NBD parts",Under Support,2023-05-17,2027-12-21,"-","-",-,-,"SW Only","Americas North Enterprise & Canada","Canada Enterprise/Comm West","CompuCom Canada","ARROW ECS CANADA","-","SO-151951","-","CANADA (CA)","T2P 1M4","215 2 St SW #1600, Calgary, AB, CANADA (CA), T2P 1M4","-"
"Petronas Energy Canada Ltd",23SW000291031,"-","Not Found",Not Found,"Scott Sefcik","scott.sefcik@nutanix.com",SW-NCM-STR-PR,2,"Software Only","Shipped",-,-,"-",NX-SWO,"Not Found","-","Calgary",2023-05-17,Not Found,-,-,-,-,-,"Production: 24x7 service; NBD parts",EXPIRED,2023-05-17,2024-08-29,"-","-",-,-,"SW Only","Americas North Enterprise & Canada","Canada Enterprise/Comm West","CompuCom Canada","ARROW ECS CANADA","-","SO-139872","-","CANADA (CA)","T2P 1M4","1600 215 2ND STREET SW, Calgary, AB, CANADA (CA), T2P 1M4","-"
"Petronas Energy Canada Ltd",23SW000291032,"-","Not Found",Not Found,"Scott Sefcik","scott.sefcik@nutanix.com",SW-NCM-STR-PR,2,"Software Only","Shipped",-,-,"-",NX-SWO,"Not Found","-","Calgary",2023-05-17,Not Found,-,-,-,-,-,"Production: 24x7 service; NBD parts",EXPIRED,2023-05-17,2024-08-29,"-","-",-,-,"SW Only","Americas North Enterprise & Canada","Canada Enterprise/Comm West","CompuCom Canada","ARROW ECS CANADA","-","SO-139872","-","CANADA (CA)","T2P 1M4","1600 215 2ND STREET SW, Calgary, AB, CANADA (CA), T2P 1M4","-"
"Petronas Energy Canada Ltd",23SW000291033,"-","Not Found",Not Found,"Scott Sefcik","scott.sefcik@nutanix.com",SW-NCM-STR-PR,2,"Software Only","Shipped",-,-,"-",NX-SWO,"Not Found","-","Calgary",2023-05-17,Not Found,-,-,-,-,-,"Production: 24x7 service; NBD parts",EXPIRED,2023-05-17,2024-08-29,"-","-",-,-,"SW Only","Americas North Enterprise & Canada","Canada Enterprise/Comm West","CompuCom Canada","ARROW ECS CANADA","-","SO-139872","-","CANADA (CA)","T2P 1M4","1600 215 2ND STREET SW, Calgary, AB, CANADA (CA), T2P 1M4","-"
"Petronas Energy Canada Ltd",23SW000291034,"-","Not Found",Not Found,"Scott Sefcik","scott.sefcik@nutanix.com",SW-NCM-STR-PR,2,"Software Only","Shipped",-,-,"-",NX-SWO,"Not Found","-","Calgary",2023-05-17,Not Found,-,-,-,-,-,"Production: 24x7 service; NBD parts",EXPIRED,2023-05-17,2024-08-29,"-","-",-,-,"SW Only","Americas North Enterprise & Canada","Canada Enterprise/Comm West","CompuCom Canada","ARROW ECS CANADA","-","SO-139872","-","CANADA (CA)","T2P 1M4","1600 215 2ND STREET SW, Calgary, AB, CANADA (CA), T2P 1M4","-"
"Petronas Energy Canada Ltd",23SW000291035,"-","Not Found",Not Found,"Scott Sefcik","scott.sefcik@nutanix.com",SW-NCM-STR-PR,2,"Software Only","Shipped",-,-,"-",NX-SWO,"Not Found","-","Calgary",2023-05-17,Not Found,-,-,-,-,-,"Production: 24x7 service; NBD parts",EXPIRED,2023-05-17,2024-08-29,"-","-",-,-,"SW Only","Americas North Enterprise & Canada","Canada Enterprise/Comm West","CompuCom Canada","ARROW ECS CANADA","-","SO-139872","-","CANADA (CA)","T2P 1M4","1600 215 2ND STREET SW, Calgary, AB, CANADA (CA), T2P 1M4","-"
"Petronas Energy Canada Ltd",23SW000291036,"-","Not Found",Not Found,"Scott Sefcik","scott.sefcik@nutanix.com",SW-NCM-STR-PR,2,"Software Only","Shipped",-,-,"-",NX-SWO,"Not Found","-","Calgary",2023-05-17,Not Found,-,-,-,-,-,"Production: 24x7 service; NBD parts",EXPIRED,2023-05-17,2024-08-29,"-","-",-,-,"SW Only","Americas North Enterprise & Canada","Canada Enterprise/Comm West","CompuCom Canada","ARROW ECS CANADA","-","SO-139872","-","CANADA (CA)","T2P 1M4","1600 215 2ND STREET SW, Calgary, AB, CANADA (CA), T2P 1M4","-"
"Petronas Energy Canada Ltd",23SW000291037,"-","Not Found",Not Found,"Scott Sefcik","scott.sefcik@nutanix.com",SW-NCM-STR-PR,2,"Software Only","Shipped",-,-,"-",NX-SWO,"Not Found","-","Calgary",2023-05-17,Not Found,-,-,-,-,-,"Production: 24x7 service; NBD parts",EXPIRED,2023-05-17,2024-08-29,"-","-",-,-,"SW Only","Americas North Enterprise & Canada","Canada Enterprise/Comm West","CompuCom Canada","ARROW ECS CANADA","-","SO-139872","-","CANADA (CA)","T2P 1M4","1600 215 2ND STREET SW, Calgary, AB, CANADA (CA), T2P 1M4","-"
"Petronas Energy Canada Ltd",23SW000291038,"-","Not Found",Not Found,"Scott Sefcik","scott.sefcik@nutanix.com",SW-NCM-STR-PR,2,"Software Only","Shipped",-,-,"-",NX-SWO,"Not Found","-","Calgary",2023-05-17,Not Found,-,-,-,-,-,"Production: 24x7 service; NBD parts",EXPIRED,2023-05-17,2024-08-29,"-","-",-,-,"SW Only","Americas North Enterprise & Canada","Canada Enterprise/Comm West","CompuCom Canada","ARROW ECS CANADA","-","SO-139872","-","CANADA (CA)","T2P 1M4","1600 215 2ND STREET SW, Calgary, AB, CANADA (CA), T2P 1M4","-"
"Petronas Energy Canada Ltd",23SW000291039,"-","Not Found",Not Found,"Scott Sefcik","scott.sefcik@nutanix.com",SW-NCM-STR-PR,2,"Software Only","Shipped",-,-,"-",NX-SWO,"Not Found","-","Calgary",2023-05-17,Not Found,-,-,-,-,-,"Production: 24x7 service; NBD parts",EXPIRED,2023-05-17,2024-08-29,"-","-",-,-,"SW Only","Americas North Enterprise & Canada","Canada Enterprise/Comm West","CompuCom Canada","ARROW ECS CANADA","-","SO-139872","-","CANADA (CA)","T2P 1M4","1600 215 2ND STREET SW, Calgary, AB, CANADA (CA), T2P 1M4","-"
"Petronas Energy Canada Ltd",23SW000291040,"-","Not Found",Not Found,"Scott Sefcik","scott.sefcik@nutanix.com",SW-NCM-STR-PR,2,"Software Only","Shipped",-,-,"-",NX-SWO,"Not Found","-","Calgary",2023-05-17,Not Found,-,-,-,-,-,"Production: 24x7 service; NBD parts",EXPIRED,2023-05-17,2024-08-29,"-","-",-,-,"SW Only","Americas North Enterprise & Canada","Canada Enterprise/Comm West","CompuCom Canada","ARROW ECS CANADA","-","SO-139872","-","CANADA (CA)","T2P 1M4","1600 215 2ND STREET SW, Calgary, AB, CANADA (CA), T2P 1M4","-"
"Petronas Energy Canada Ltd",23SW000291041,"-","Not Found",Not Found,"Scott Sefcik","scott.sefcik@nutanix.com",SW-NCM-STR-PR,2,"Software Only","Shipped",-,-,"-",NX-SWO,"Not Found","-","Calgary",2023-05-17,Not Found,-,-,-,-,-,"Production: 24x7 service; NBD parts",EXPIRED,2023-05-17,2024-08-29,"-","-",-,-,"SW Only","Americas North Enterprise & Canada","Canada Enterprise/Comm West","CompuCom Canada","ARROW ECS CANADA","-","SO-139872","-","CANADA (CA)","T2P 1M4","1600 215 2ND STREET SW, Calgary, AB, CANADA (CA), T2P 1M4","-"
"Petronas Energy Canada Ltd",23SW000291042,"-","Not Found",Not Found,"Scott Sefcik","scott.sefcik@nutanix.com",SW-NCM-STR-PR,2,"Software Only","Shipped",-,-,"-",NX-SWO,"Not Found","-","Calgary",2023-05-17,Not Found,-,-,-,-,-,"Production: 24x7 service; NBD parts",EXPIRED,2023-05-17,2024-08-29,"-","-",-,-,"SW Only","Americas North Enterprise & Canada","Canada Enterprise/Comm West","CompuCom Canada","ARROW ECS CANADA","-","SO-139872","-","CANADA (CA)","T2P 1M4","1600 215 2ND STREET SW, Calgary, AB, CANADA (CA), T2P 1M4","-"
"Petronas Energy Canada Ltd",23SW000291043,"-","Not Found",Not Found,"Scott Sefcik","scott.sefcik@nutanix.com",SW-NCM-STR-PR,2,"Software Only","Shipped",-,-,"-",NX-SWO,"Not Found","-","Calgary",2023-05-17,Not Found,-,-,-,-,-,"Production: 24x7 service; NBD parts",EXPIRED,2023-05-17,2024-08-29,"-","-",-,-,"SW Only","Americas North Enterprise & Canada","Canada Enterprise/Comm West","CompuCom Canada","ARROW ECS CANADA","-","SO-139872","-","CANADA (CA)","T2P 1M4","1600 215 2ND STREET SW, Calgary, AB, CANADA (CA), T2P 1M4","-"
"Petronas Energy Canada Ltd",23SW000291044,"-","Not Found",Not Found,"Scott Sefcik","scott.sefcik@nutanix.com",SW-NCM-STR-PR,2,"Software Only","Shipped",-,-,"-",NX-SWO,"Not Found","-","Calgary",2023-05-17,Not Found,-,-,-,-,-,"Production: 24x7 service; NBD parts",EXPIRED,2023-05-17,2024-08-29,"-","-",-,-,"SW Only","Americas North Enterprise & Canada","Canada Enterprise/Comm West","CompuCom Canada","ARROW ECS CANADA","-","SO-139872","-","CANADA (CA)","T2P 1M4","1600 215 2ND STREET SW, Calgary, AB, CANADA (CA), T2P 1M4","-"
"Petronas Energy Canada Ltd",23SW000291045,"-","Not Found",Not Found,"Scott Sefcik","scott.sefcik@nutanix.com",SW-NCM-STR-PR,2,"Software Only","Shipped",-,-,"-",NX-SWO,"Not Found","-","Calgary",2023-05-17,Not Found,-,-,-,-,-,"Production: 24x7 service; NBD parts",EXPIRED,2023-05-17,2024-08-29,"-","-",-,-,"SW Only","Americas North Enterprise & Canada","Canada Enterprise/Comm West","CompuCom Canada","ARROW ECS CANADA","-","SO-139872","-","CANADA (CA)","T2P 1M4","1600 215 2ND STREET SW, Calgary, AB, CANADA (CA), T2P 1M4","-"
"Petronas Energy Canada Ltd",23SW000291046,"-","Not Found",Not Found,"Scott Sefcik","scott.sefcik@nutanix.com",SW-NCM-STR-PR,2,"Software Only","Shipped",-,-,"-",NX-SWO,"Not Found","-","Calgary",2023-05-17,Not Found,-,-,-,-,-,"Production: 24x7 service; NBD parts",EXPIRED,2023-05-17,2024-08-29,"-","-",-,-,"SW Only","Americas North Enterprise & Canada","Canada Enterprise/Comm West","CompuCom Canada","ARROW ECS CANADA","-","SO-139872","-","CANADA (CA)","T2P 1M4","1600 215 2ND STREET SW, Calgary, AB, CANADA (CA), T2P 1M4","-"
"Petronas Energy Canada Ltd",23SW000291047,"-","CG2NTX01",00059c1d-becb-2afa-265f-ac1f6b3586c9,"Scott Sefcik","scott.sefcik@nutanix.com",SW-NCI-PRO-PR,4,"Software Only","Shipped",-,-,"6.10.1",NX-SWO,"AHV","-","Calgary",2021-07-22,2025-10-23 00:00,-,-,-,-,-,"Production: 24x7 service; NBD parts",Under Support,2023-05-17,2026-07-21,"-","-",-,-,"Revenue - MITF","Americas North Enterprise & Canada","Canada Enterprise/Comm West","CompuCom Canada","ARROW ECS CANADA","-","SO-108811","-","CANADA (CA)","T2C 3C2","7007 54TH ST SE BLD D SUITE 204, Calgary, AB, CANADA (CA), T2C 3C2","-"
"Petronas Energy Canada Ltd",23SW000291048,"-","CG2NTX01",00059c1d-becb-2afa-265f-ac1f6b3586c9,"Scott Sefcik","scott.sefcik@nutanix.com",SWA-NCI-ADR-PR,4,"Software Only","Shipped",-,-,"6.10.1",NX-SWO,"AHV","-","Calgary",2021-07-22,2025-10-23 00:00,-,-,-,-,-,"Production: 24x7 service; NBD parts",Under Support,2023-05-17,2026-07-21,"-","-",-,-,"Revenue - MITF","Americas North Enterprise & Canada","Canada Enterprise/Comm West","CompuCom Canada","ARROW ECS CANADA","-","SO-108811","-","CANADA (CA)","T2C 3C2","7007 54TH ST SE BLD D SUITE 204, Calgary, AB, CANADA (CA), T2C 3C2","-"
"Petronas Energy Canada Ltd",23SW000291049,"-","CG2NTX01",00059c1d-becb-2afa-265f-ac1f6b3586c9,"Scott Sefcik","scott.sefcik@nutanix.com",SW-NCI-PRO-PR,4,"Software Only","Shipped",-,-,"6.10.1",NX-SWO,"AHV","-","Calgary",2021-08-05,2025-10-23 00:00,-,-,-,-,-,"Production: 24x7 service; NBD parts",Under Support,2023-05-17,2026-08-04,"-","-",-,-,"Revenue - MITF","Americas North Enterprise & Canada","Canada Enterprise/Comm West","CompuCom Canada","ARROW ECS CANADA","-","SO-110637","-","CANADA (CA)","T3C 3P9","1313 10 AVE SW, Calgary, AB, CANADA (CA), T3C 3P9","-"
"Petronas Energy Canada Ltd",23SW000291050,"-","CG2NTX01",00059c1d-becb-2afa-265f-ac1f6b3586c9,"Scott Sefcik","scott.sefcik@nutanix.com",SWA-NCI-ADR-PR,4,"Software Only","Shipped",-,-,"6.10.1",NX-SWO,"AHV","-","Calgary",2021-08-05,2025-10-23 00:00,-,-,-,-,-,"Production: 24x7 service; NBD parts",Under Support,2023-05-17,2026-08-04,"-","-",-,-,"Revenue - MITF","Americas North Enterprise & Canada","Canada Enterprise/Comm West","CompuCom Canada","ARROW ECS CANADA","-","SO-110637","-","CANADA (CA)","T3C 3P9","1313 10 AVE SW, Calgary, AB, CANADA (CA), T3C 3P9","-"
"Petronas Energy Canada Ltd",23SW000291051,"-","B89J",0005d813-479e-9912-2c37-3cecefee84a2,"Scott Sefcik","scott.sefcik@nutanix.com",SW-NCI-PRO-PR,3,"Software Only","Shipped",-,-,"7.3.1",NX-SWO,"AHV","-","Calgary",2021-11-23,2025-10-23 00:00,-,-,-,-,-,"Production: 24x7 service; NBD parts",Under Support,2023-05-17,2026-11-22,"-","-",-,-,"Revenue - MITF","Americas North Enterprise & Canada","Canada Enterprise/Comm West","CompuCom","ARROW ECS CANADA","-","SO-118162","-","CANADA (CA)","T2P 1M4","1600 215 2ND STREET SW, Calgary, AB, CANADA (CA), T2P 1M4","-"
"Petronas Energy Canada Ltd",23SW000291052,"-","CG2PRISM",ea890b67-c919-4ef2-92e7-cbb20d4df250,"Scott Sefcik","scott.sefcik@nutanix.com",SW-NCM-STR-PR,2,"Software Only","Shipped",-,-,"7.3.1",NX-SWO,"Not Found","-","Calgary",2023-05-17,2025-10-23 00:00,-,-,-,-,-,"Production: 24x7 service; NBD parts",Under Support,2023-05-17,2026-11-22,"-","-",-,-,"Revenue - MITF","Americas North Enterprise & Canada","Canada Enterprise/Comm West","CompuCom","ARROW ECS CANADA","-","SO-118162","-","CANADA (CA)","T2P 1M4","1600 215 2ND STREET SW, Calgary, AB, CANADA (CA), T2P 1M4","-"
"Petronas Energy Canada Ltd",23SW000291053,"-","CG2PRISM",ea890b67-c919-4ef2-92e7-cbb20d4df250,"Scott Sefcik","scott.sefcik@nutanix.com",SW-NCM-STR-PR,2,"Software Only","Shipped",-,-,"7.3.1",NX-SWO,"Not Found","-","Calgary",2023-05-17,2025-10-23 00:00,-,-,-,-,-,"Production: 24x7 service; NBD parts",Under Support,2023-05-17,2026-11-22,"-","-",-,-,"Revenue - MITF","Americas North Enterprise & Canada","Canada Enterprise/Comm West","CompuCom","ARROW ECS CANADA","-","SO-118162","-","CANADA (CA)","T2P 1M4","1600 215 2ND STREET SW, Calgary, AB, CANADA (CA), T2P 1M4","-"
"Petronas Energy Canada Ltd",23SW000291054,"-","CG2PRISM",ea890b67-c919-4ef2-92e7-cbb20d4df250,"Scott Sefcik","scott.sefcik@nutanix.com",SW-NCM-STR-PR,2,"Software Only","Shipped",-,-,"7.3.1",NX-SWO,"Not Found","-","Calgary",2023-05-17,2025-10-23 00:00,-,-,-,-,-,"Production: 24x7 service; NBD parts",Under Support,2023-05-17,2026-11-22,"-","-",-,-,"Revenue - MITF","Americas North Enterprise & Canada","Canada Enterprise/Comm West","CompuCom","ARROW ECS CANADA","-","SO-118162","-","CANADA (CA)","T2P 1M4","1600 215 2ND STREET SW, Calgary, AB, CANADA (CA), T2P 1M4","-"
"Petronas Energy Canada Ltd",23SW000291055,"-","Not Found",Not Found,"Scott Sefcik","scott.sefcik@nutanix.com",SW-NCM-STR-PR,2,"Software Only","Shipped",-,-,"-",NX-SWO,"Not Found","-","Calgary",2023-05-17,Not Found,-,-,-,-,-,"Production: 24x7 service; NBD parts",EXPIRED,2023-05-17,2024-08-29,"-","-",-,-,"SW Only","Americas North Enterprise & Canada","Canada Enterprise/Comm West","CompuCom Canada","ARROW ECS CANADA","-","SO-139872","-","CANADA (CA)","T2P 1M4","1600 215 2ND STREET SW, Calgary, AB, CANADA (CA), T2P 1M4","-"
"Petronas Energy Canada Ltd",23SW000291056,"-","Not Found",Not Found,"Scott Sefcik","scott.sefcik@nutanix.com",SW-NCM-STR-PR,2,"Software Only","Shipped",-,-,"-",NX-SWO,"Not Found","-","Calgary",2023-05-17,Not Found,-,-,-,-,-,"Production: 24x7 service; NBD parts",EXPIRED,2023-05-17,2024-08-29,"-","-",-,-,"SW Only","Americas North Enterprise & Canada","Canada Enterprise/Comm West","CompuCom Canada","ARROW ECS CANADA","-","SO-139872","-","CANADA (CA)","T2P 1M4","1600 215 2ND STREET SW, Calgary, AB, CANADA (CA), T2P 1M4","-"
"Petronas Energy Canada Ltd",23SW000291057,"-","Not Found",Not Found,"Scott Sefcik","scott.sefcik@nutanix.com",SW-NCM-STR-PR,2,"Software Only","Shipped",-,-,"-",NX-SWO,"Not Found","-","Calgary",2023-05-17,Not Found,-,-,-,-,-,"Production: 24x7 service; NBD parts",EXPIRED,2023-05-17,2024-08-29,"-","-",-,-,"SW Only","Americas North Enterprise & Canada","Canada Enterprise/Comm West","CompuCom Canada","ARROW ECS CANADA","-","SO-139872","-","CANADA (CA)","T2P 1M4","1600 215 2ND STREET SW, Calgary, AB, CANADA (CA), T2P 1M4","-"
"Petronas Energy Canada Ltd",23SW000291058,"-","Not Found",Not Found,"Scott Sefcik","scott.sefcik@nutanix.com",SW-NCM-STR-PR,2,"Software Only","Shipped",-,-,"-",NX-SWO,"Not Found","-","Calgary",2023-05-17,Not Found,-,-,-,-,-,"Production: 24x7 service; NBD parts",EXPIRED,2023-05-17,2024-08-29,"-","-",-,-,"SW Only","Americas North Enterprise & Canada","Canada Enterprise/Comm West","CompuCom Canada","ARROW ECS CANADA","-","SO-139872","-","CANADA (CA)","T2P 1M4","1600 215 2ND STREET SW, Calgary, AB, CANADA (CA), T2P 1M4","-"
"Petronas Energy Canada Ltd",23SW000291059,"-","Not Found",Not Found,"Scott Sefcik","scott.sefcik@nutanix.com",SW-NCM-STR-PR,2,"Software Only","Shipped",-,-,"-",NX-SWO,"Not Found","-","Calgary",2023-05-17,Not Found,-,-,-,-,-,"Production: 24x7 service; NBD parts",EXPIRED,2023-05-17,2024-08-29,"-","-",-,-,"SW Only","Americas North Enterprise & Canada","Canada Enterprise/Comm West","CompuCom Canada","ARROW ECS CANADA","-","SO-139872","-","CANADA (CA)","T2P 1M4","1600 215 2ND STREET SW, Calgary, AB, CANADA (CA), T2P 1M4","-"
"Petronas Energy Canada Ltd",23SW000291060,"-","CG2PRISM",ea890b67-c919-4ef2-92e7-cbb20d4df250,"Scott Sefcik","scott.sefcik@nutanix.com",SW-NCM-STR-PR,2,"Software Only","Shipped",-,-,"7.3.1",NX-SWO,"Not Found","-","Calgary",2023-05-17,2025-10-23 00:00,-,-,-,-,-,"Production: 24x7 service; NBD parts",Under Support,2023-05-17,2027-01-06,"-","-",-,-,"Revenue - MITF","Americas North Enterprise & Canada","Canada Enterprise/Comm West","CompuCom Canada","ARROW ECS CANADA","-","SO-120618","-","CANADA (CA)","T2P 1M4","1600 215 2ND STREET SW, Calgary, AB, CANADA (CA), T2P 1M4","-"
"Petronas Energy Canada Ltd",23SW000291061,"-","CG2PRISM",ea890b67-c919-4ef2-92e7-cbb20d4df250,"Scott Sefcik","scott.sefcik@nutanix.com",SW-NCM-STR-PR,2,"Software Only","Shipped",-,-,"7.3.1",NX-SWO,"Not Found","-","Calgary",2023-05-17,2025-10-23 00:00,-,-,-,-,-,"Production: 24x7 service; NBD parts",Under Support,2023-05-17,2027-12-18,"-","-",-,-,"Revenue - MITF","Americas North Enterprise & Canada","Canada Enterprise/Comm West","CompuCom Canada","ARROW ECS CANADA","-","SO-146772","-","CANADA (CA)","T2C 3C2","7007 54TH ST SE BLD D SUITE 204, Calgary, AB, CANADA (CA), T2C 3C2","-"
"Petronas Energy Canada Ltd",23SW000291062,"-","Not Found",Not Found,"Scott Sefcik","scott.sefcik@nutanix.com",SW-NCM-STR-PR,2,"Software Only","Shipped",-,-,"-",NX-SWO,"Not Found","-","Calgary",2023-05-17,Not Found,-,-,-,-,-,"Production: 24x7 service; NBD parts",EXPIRED,2023-05-17,2024-08-29,"-","-",-,-,"SW Only","Americas North Enterprise & Canada","Canada Enterprise/Comm West","CompuCom Canada","ARROW ECS CANADA","-","SO-139872","-","CANADA (CA)","T2P 1M4","1600 215 2ND STREET SW, Calgary, AB, CANADA (CA), T2P 1M4","-"
"Petronas Energy Canada Ltd",23SW000291063,"-","Not Found",Not Found,"Scott Sefcik","scott.sefcik@nutanix.com",SW-NCM-STR-PR,2,"Software Only","Shipped",-,-,"-",NX-SWO,"Not Found","-","Calgary",2023-05-17,Not Found,-,-,-,-,-,"Production: 24x7 service; NBD parts",EXPIRED,2023-05-17,2024-08-29,"-","-",-,-,"SW Only","Americas North Enterprise & Canada","Canada Enterprise/Comm West","CompuCom Canada","ARROW ECS CANADA","-","SO-139872","-","CANADA (CA)","T2P 1M4","1600 215 2ND STREET SW, Calgary, AB, CANADA (CA), T2P 1M4","-"
"Petronas Energy Canada Ltd",23SW000306981,"-","CG2NTX01",00059c1d-becb-2afa-265f-ac1f6b3586c9,"Scott Sefcik","scott.sefcik@nutanix.com",SW-NCI-PRO-PR,2,"Software Only","Shipped",-,-,"6.10.1",NX-SWO,"AHV","-","Calgary",2023-08-24,2025-10-23 00:00,-,-,-,-,-,"Production: 24x7 service; NBD parts",Under Support,2023-08-24,2028-08-23,"-","-",-,-,"Revenue - MITF","Americas North Enterprise & Canada","Canada Enterprise/Comm West","CompuCom Canada","ARROW ECS CANADA","-","SO-165144","-","CANADA (CA)","T2C 3C3","7007 54TH ST SE, Calgary, AB, CANADA (CA), T2C 3C3","-"
"Petronas Energy Canada Ltd",23SW000306981,"-","CG1NTX01",00059c0d-e562-6375-7211-ac1f6b356611,"Scott Sefcik","scott.sefcik@nutanix.com",SW-NCI-PRO-PR,2,"Software Only","Shipped",-,-,"6.10.1",NX-SWO,"AHV","-","Calgary",2023-08-24,2025-10-23 00:00,-,-,-,-,-,"Production: 24x7 service; NBD parts",Under Support,2023-08-24,2028-08-23,"-","-",-,-,"Revenue - MITF","Americas North Enterprise & Canada","Canada Enterprise/Comm West","CompuCom Canada","ARROW ECS CANADA","-","SO-165144","-","CANADA (CA)","T2C 3C3","7007 54TH ST SE, Calgary, AB, CANADA (CA), T2C 3C3","-"
"Petronas Energy Canada Ltd",23SW000306982,"-","CG2NTX01",00059c1d-becb-2afa-265f-ac1f6b3586c9,"Scott Sefcik","scott.sefcik@nutanix.com",SWA-NCI-ADR-PR,2,"Software Only","Shipped",-,-,"6.10.1",NX-SWO,"AHV","-","Calgary",2023-08-24,2025-10-23 00:00,-,-,-,-,-,"Production: 24x7 service; NBD parts",Under Support,2023-08-24,2028-08-23,"-","-",-,-,"Revenue - MITF","Americas North Enterprise & Canada","Canada Enterprise/Comm West","CompuCom Canada","ARROW ECS CANADA","-","SO-165144","-","CANADA (CA)","T2C 3C3","7007 54TH ST SE, Calgary, AB, CANADA (CA), T2C 3C3","-"
"Petronas Energy Canada Ltd",23SW000306983,"-","CG1PRISM",d890c827-4e71-44c8-aa87-55b6b64398a2,"Scott Sefcik","scott.sefcik@nutanix.com",SW-NCM-STR-PR,2,"Software Only","Shipped",-,-,"7.3.1",NX-SWO,"Not Found","-","Calgary",2023-08-24,2025-10-23 00:00,-,-,-,-,-,"Production: 24x7 service; NBD parts",Under Support,2023-08-24,2028-08-23,"-","-",-,-,"Revenue - MITF","Americas North Enterprise & Canada","Canada Enterprise/Comm West","CompuCom Canada","ARROW ECS CANADA","-","SO-165144","-","CANADA (CA)","T2C 3C3","7007 54TH ST SE, Calgary, AB, CANADA (CA), T2C 3C3","-"
"Petronas Energy Canada Ltd",23SW000315808,"-","CG2NTX01",00059c1d-becb-2afa-265f-ac1f6b3586c9,"Scott Sefcik","scott.sefcik@nutanix.com",SW-NCI-PRO-PR,1,"Software Only","Shipped",-,-,"6.10.1",NX-SWO,"AHV","-","Calgary",2023-11-02,2025-10-23 00:00,-,-,-,-,-,"Production: 24x7 service; NBD parts",Under Support,2023-11-02,2028-11-01,"-","-",-,-,"Revenue - MITF","Americas North Enterprise & Canada","Canada Enterprise/Comm West","CompuCom Canada","ARROW ECS CANADA","-","SO-167706","-","CANADA (CA)","T2C 3C2","7007 54TH ST SE BLD D SUITE 204, Calgary, AB, CANADA (CA), T2C 3C2","-"
"Petronas Energy Canada Ltd",23SW000315809,"-","CG2NTX01",00059c1d-becb-2afa-265f-ac1f6b3586c9,"Scott Sefcik","scott.sefcik@nutanix.com",SWA-NCI-ADR-PR,1,"Software Only","Shipped",-,-,"6.10.1",NX-SWO,"AHV","-","Calgary",2023-11-02,2025-10-23 00:00,-,-,-,-,-,"Production: 24x7 service; NBD parts",Under Support,2023-11-02,2028-11-01,"-","-",-,-,"Revenue - MITF","Americas North Enterprise & Canada","Canada Enterprise/Comm West","CompuCom Canada","ARROW ECS CANADA","-","SO-167706","-","CANADA (CA)","T2C 3C2","7007 54TH ST SE BLD D SUITE 204, Calgary, AB, CANADA (CA), T2C 3C2","-"
"Petronas Energy Canada Ltd",23SW000315810,"-","CG1PRISM",d890c827-4e71-44c8-aa87-55b6b64398a2,"Scott Sefcik","scott.sefcik@nutanix.com",SW-NCM-STR-PR,1,"Software Only","Shipped",-,-,"7.3.1",NX-SWO,"Not Found","-","Calgary",2023-11-02,2025-10-23 00:00,-,-,-,-,-,"Production: 24x7 service; NBD parts",Under Support,2023-11-02,2028-11-01,"-","-",-,-,"Revenue - MITF","Americas North Enterprise & Canada","Canada Enterprise/Comm West","CompuCom Canada","ARROW ECS CANADA","-","SO-167706","-","CANADA (CA)","T2C 3C2","7007 54TH ST SE BLD D SUITE 204, Calgary, AB, CANADA (CA), T2C 3C2","-"
"Petronas Energy Canada Ltd",23SW000315811,"-","CG1NTX01",00059c0d-e562-6375-7211-ac1f6b356611,"Scott Sefcik","scott.sefcik@nutanix.com",SW-NCI-PRO-PR,1,"Software Only","Shipped",-,-,"6.10.1",NX-SWO,"AHV","-","Calgary",2023-11-02,2025-10-23 00:00,-,-,-,-,-,"Production: 24x7 service; NBD parts",Under Support,2023-11-02,2028-11-01,"-","-",-,-,"Revenue - MITF","Americas North Enterprise & Canada","Canada Enterprise/Comm West","CompuCom Canada","ARROW ECS CANADA","-","SO-167706","-","CANADA (CA)","T2C 3C2","7007 54TH ST SE BLD D SUITE 204, Calgary, AB, CANADA (CA), T2C 3C2","-"
"Petronas Energy Canada Ltd",23SW000315812,"-","CG2NTX01",00059c1d-becb-2afa-265f-ac1f6b3586c9,"Scott Sefcik","scott.sefcik@nutanix.com",SWA-NCI-ADR-PR,1,"Software Only","Shipped",-,-,"6.10.1",NX-SWO,"AHV","-","Calgary",2023-11-02,2025-10-23 00:00,-,-,-,-,-,"Production: 24x7 service; NBD parts",Under Support,2023-11-02,2028-11-01,"-","-",-,-,"Revenue - MITF","Americas North Enterprise & Canada","Canada Enterprise/Comm West","CompuCom Canada","ARROW ECS CANADA","-","SO-167706","-","CANADA (CA)","T2C 3C2","7007 54TH ST SE BLD D SUITE 204, Calgary, AB, CANADA (CA), T2C 3C2","-"
"Petronas Energy Canada Ltd",23SW000315813,"-","CG2PRISM",ea890b67-c919-4ef2-92e7-cbb20d4df250,"Scott Sefcik","scott.sefcik@nutanix.com",SW-NCM-STR-PR,1,"Software Only","Shipped",-,-,"7.3.1",NX-SWO,"Not Found","-","Calgary",2023-11-02,2025-10-23 00:00,-,-,-,-,-,"Production: 24x7 service; NBD parts",Under Support,2023-11-02,2028-11-01,"-","-",-,-,"Revenue - MITF","Americas North Enterprise & Canada","Canada Enterprise/Comm West","CompuCom Canada","ARROW ECS CANADA","-","SO-167706","-","CANADA (CA)","T2C 3C2","7007 54TH ST SE BLD D SUITE 204, Calgary, AB, CANADA (CA), T2C 3C2","-"
"Petronas Energy Canada Ltd",23SW000321181,"-","CG1NTX01",00059c0d-e562-6375-7211-ac1f6b356611,"Scott Sefcik","scott.sefcik@nutanix.com",SW-NCI-PRO-PR,1,"Software Only","Shipped",-,-,"6.10.1",NX-SWO,"AHV","-","Calgary",2023-11-29,2025-10-23 00:00,-,-,-,-,-,"Production: 24x7 service; NBD parts",Under Support,2023-11-29,2028-11-28,"-","-",-,-,"Revenue - MITF","Americas North Enterprise & Canada","Canada Enterprise/Comm West","CompuCom Canada","ARROW ECS CANADA","-","SO-171778","-","CANADA (CA)","T2C3C2","204-7007 54 ST SE STE 204, Calgary, AB, CANADA (CA), T2C3C2","-"
"Petronas Energy Canada Ltd",23SW000321181,"-","CG1NTX03",0005b867-d944-5ddb-2015-3cecef19ba0d,"Scott Sefcik","scott.sefcik@nutanix.com",SW-NCI-PRO-PR,1,"Software Only","Shipped",-,-,"6.10.1",NX-SWO,"AHV","-","Calgary",2023-11-29,2025-10-23 00:00,-,-,-,-,-,"Production: 24x7 service; NBD parts",Under Support,2023-11-29,2028-11-28,"-","-",-,-,"Revenue - MITF","Americas North Enterprise & Canada","Canada Enterprise/Comm West","CompuCom Canada","ARROW ECS CANADA","-","SO-171778","-","CANADA (CA)","T2C3C2","204-7007 54 ST SE STE 204, Calgary, AB, CANADA (CA), T2C3C2","-"
"Petronas Energy Canada Ltd",23SW000321181,"-","CG2NTX01",00059c1d-becb-2afa-265f-ac1f6b3586c9,"Scott Sefcik","scott.sefcik@nutanix.com",SW-NCI-PRO-PR,1,"Software Only","Shipped",-,-,"6.10.1",NX-SWO,"AHV","-","Calgary",2023-11-29,2025-10-23 00:00,-,-,-,-,-,"Production: 24x7 service; NBD parts",Under Support,2023-11-29,2028-11-28,"-","-",-,-,"Revenue - MITF","Americas North Enterprise & Canada","Canada Enterprise/Comm West","CompuCom Canada","ARROW ECS CANADA","-","SO-171778","-","CANADA (CA)","T2C3C2","204-7007 54 ST SE STE 204, Calgary, AB, CANADA (CA), T2C3C2","-"
"Petronas Energy Canada Ltd",23SW000321182,"-","CG1PRISM",d890c827-4e71-44c8-aa87-55b6b64398a2,"Scott Sefcik","scott.sefcik@nutanix.com",SW-NCM-STR-PR,1,"Software Only","Shipped",-,-,"7.3.1",NX-SWO,"Not Found","-","Calgary",2023-11-29,2025-10-23 00:00,-,-,-,-,-,"Production: 24x7 service; NBD parts",Under Support,2023-11-29,2028-11-28,"-","-",-,-,"Revenue - MITF","Americas North Enterprise & Canada","Canada Enterprise/Comm West","CompuCom Canada","ARROW ECS CANADA","-","SO-171778","-","CANADA (CA)","T2C3C2","204-7007 54 ST SE STE 204, Calgary, AB, CANADA (CA), T2C3C2","-"
"Petronas Energy Canada Ltd",23SW000321182,"-","CG2PRISM",ea890b67-c919-4ef2-92e7-cbb20d4df250,"Scott Sefcik","scott.sefcik@nutanix.com",SW-NCM-STR-PR,1,"Software Only","Shipped",-,-,"7.3.1",NX-SWO,"Not Found","-","Calgary",2023-11-29,2025-10-23 00:00,-,-,-,-,-,"Production: 24x7 service; NBD parts",Under Support,2023-11-29,2028-11-28,"-","-",-,-,"Revenue - MITF","Americas North Enterprise & Canada","Canada Enterprise/Comm West","CompuCom Canada","ARROW ECS CANADA","-","SO-171778","-","CANADA (CA)","T2C3C2","204-7007 54 ST SE STE 204, Calgary, AB, CANADA (CA), T2C3C2","-"
"Petronas Energy Canada Ltd",23SW000321183,"-","CG2NTX01",00059c1d-becb-2afa-265f-ac1f6b3586c9,"Scott Sefcik","scott.sefcik@nutanix.com",SWA-NCI-ADR-PR,1,"Software Only","Shipped",-,-,"6.10.1",NX-SWO,"AHV","-","Calgary",2023-11-29,2025-10-23 00:00,-,-,-,-,-,"Production: 24x7 service; NBD parts",Under Support,2023-11-29,2028-11-28,"-","-",-,-,"Revenue - MITF","Americas North Enterprise & Canada","Canada Enterprise/Comm West","CompuCom Canada","ARROW ECS CANADA","-","SO-171778","-","CANADA (CA)","T2C3C2","204-7007 54 ST SE STE 204, Calgary, AB, CANADA (CA), T2C3C2","-"
"Petronas Energy Canada Ltd",24SG5R450011,"HM249S000862","CG1NTX01",00059c0d-e562-6375-7211-ac1f6b356611,"Scott Sefcik","scott.sefcik@nutanix.com",NX-8170-G9-CM,0,"NX-8170","Shipped",1,1,"6.10.1",NX-SWO,"AHV","20230302","Calgary",2024-11-13,2025-10-23 00:00,83.82 TiB,92.16 TB,-,-,40,"Production: 24x7 service; NBD parts",Under Support,2024-11-13,2029-11-12,"14033516939","infrastructure@petronascanada.com",-,-,"Revenue - MITF","Americas North Enterprise & Canada","Canada Enterprise/Comm West","CompuCom","ARROW ECS CANADA","-","SO-196439","-","CANADA (CA)","T2P 1M4","1600-215 2 ST SW, Calgary, AB, CANADA (CA), T2P 1M4","-"
"Petronas Energy Canada Ltd",24SG5R450018,"HM249S000953","CG2NTX01",00059c1d-becb-2afa-265f-ac1f6b3586c9,"Scott Sefcik","scott.sefcik@nutanix.com",NX-8170-G9-CM,0,"NX-8170","Shipped",1,1,"6.10.1",NX-SWO,"AHV","20230302","Calgary",2024-11-13,2025-10-23 00:00,83.82 TiB,92.16 TB,-,-,40,"Production: 24x7 service; NBD parts",Under Support,2024-11-13,2029-11-12,"14033516939","infrastructure@petronascanada.com",-,-,"Revenue - MITF","Americas North Enterprise & Canada","Canada Enterprise/Comm West","CompuCom","ARROW ECS CANADA","-","SO-196439","-","CANADA (CA)","T2P 1M4","1600-215 2 ST SW, Calgary, AB, CANADA (CA), T2P 1M4","-"
"Petronas Energy Canada Ltd",24SW000326948,"-","C72A",00058a98-f316-4543-0000-00000002933c,"Scott Sefcik","scott.sefcik@nutanix.com",SW-ROBO-1VM-PRO-PRD,1,"Software Only","Shipped",-,-,"6.10",NX-SWO,"AHV","-","Fort St. John",2024-01-08,2025-10-23 00:00,-,-,-,-,-,"Production: 24x7 service; NBD parts",Under Support,2024-01-08,2029-01-07,"-","-",-,-,"Revenue - MITF","Americas North Enterprise & Canada","Canada Enterprise/Comm West","CompuCom","ARROW ECS CANADA","-","SO-174719","-","CANADA (CA)","V1J 8C5","6954 100 AVE, Fort St. John, BC, CANADA (CA), V1J 8C5","-"
"Petronas Energy Canada Ltd",24SW000371244,"-","Not Found",Not Found,"Scott Sefcik","scott.sefcik@nutanix.com",SW-NCM-STR-PR,1,"Software Only","Shipped",-,-,"-",NX-SWO,"Not Found","-","Calgary",2024-09-03,Not Found,-,-,-,-,-,"Production: 24x7 service; NBD parts",EXPIRED,2024-09-03,2025-09-02,"14033516939","infrastructure@petronascanada.com",-,-,"SW Only","Americas North Enterprise & Canada","Canada Enterprise/Comm West","CompuCom Canada","ARROW ECS CANADA","-","SO-192252","-","CANADA (CA)","T2P 1M4","1600-215 2 ST SW, Calgary, AB, CANADA (CA), T2P 1M4","-"
"Petronas Energy Canada Ltd",24SW000371477,"-","CG2PRISM",ea890b67-c919-4ef2-92e7-cbb20d4df250,"Scott Sefcik","scott.sefcik@nutanix.com",SW-NCM-STR-PR,1,"Software Only","Shipped",-,-,"7.3.1",NX-SWO,"Not Found","-","Calgary",2024-09-04,2025-10-23 00:00,-,-,-,-,-,"Production: 24x7 service; NBD parts",Under Support,2024-09-04,2027-12-18,"-","-",-,-,"Revenue - MITF","Americas North Enterprise & Canada","Canada Enterprise/Comm West","CompuCom Canada","ARROW ECS CANADA","-","SO-146772","-","CANADA (CA)","T2C 3C2","7007 54TH ST SE BLD D SUITE 204, Calgary, AB, CANADA (CA), T2C 3C2","-"
"Petronas Energy Canada Ltd",24SW000371478,"-","CG2PRISM",ea890b67-c919-4ef2-92e7-cbb20d4df250,"Scott Sefcik","scott.sefcik@nutanix.com",SW-NCM-STR-PR,1,"Software Only","Shipped",-,-,"7.3.1",NX-SWO,"Not Found","-","Fort St. John",2024-09-04,2025-10-23 00:00,-,-,-,-,-,"Production: 24x7 service; NBD parts",Under Support,2024-09-04,2029-01-07,"14033516939","infrastructure@petronascanada.com",-,-,"Revenue - MITF","Americas North Enterprise & Canada","Canada Enterprise/Comm West","CompuCom","ARROW ECS CANADA","-","SO-174719","-","CANADA (CA)","V1J 8C5","6954 100 AVE, Fort St. John, BC, CANADA (CA), V1J 8C5","-"
"Petronas Energy Canada Ltd",24SW000371478,"-","CG1PRISM",d890c827-4e71-44c8-aa87-55b6b64398a2,"Scott Sefcik","scott.sefcik@nutanix.com",SW-NCM-STR-PR,1,"Software Only","Shipped",-,-,"7.3.1",NX-SWO,"Not Found","-","Fort St. John",2024-09-04,2025-10-23 00:00,-,-,-,-,-,"Production: 24x7 service; NBD parts",Under Support,2024-09-04,2029-01-07,"14033516939","infrastructure@petronascanada.com",-,-,"Revenue - MITF","Americas North Enterprise & Canada","Canada Enterprise/Comm West","CompuCom","ARROW ECS CANADA","-","SO-174719","-","CANADA (CA)","V1J 8C5","6954 100 AVE, Fort St. John, BC, CANADA (CA), V1J 8C5","-"
"Petronas Energy Canada Ltd",24SW000381991,"-","Not Found",Not Found,"Scott Sefcik","scott.sefcik@nutanix.com",SWA-NCI-ADR-PR,0,"Software Only","Shipped",-,-,"-",NX-SWO,"Not Found","-","Calgary",2024-11-01,Not Found,-,-,-,-,-,"Production: 24x7 service; NBD parts",Under Support,2024-11-01,2025-10-31,"14033516939","infrastructure@petronascanada.com",-,-,"SW Only","Americas North Enterprise & Canada","Canada Enterprise/Comm West","CompuCom","ARROW ECS CANADA","-","SO-195640","-","CANADA (CA)","T2P 1M4","1600-215 2 ST SW, Calgary, AB, CANADA (CA), T2P 1M4","-"
"Petronas Energy Canada Ltd",24SW000385399,"-","CG1NTX03",0005b867-d944-5ddb-2015-3cecef19ba0d,"Scott Sefcik","scott.sefcik@nutanix.com",SW-NCI-PRO-PR,0,"Software Only","Shipped",-,-,"6.10.1",NX-SWO,"AHV","-","Calgary",2024-11-13,2025-10-23 00:00,-,-,-,-,-,"Production: 24x7 service; NBD parts",Under Support,2024-11-13,2029-11-12,"-","-",-,-,"Revenue - MITF","Americas North Enterprise & Canada","Canada Enterprise/Comm West","CompuCom","ARROW ECS CANADA","-","SO-196439","-","CANADA (CA)","T2P 1M4","1600-215 2 ST SW, Calgary, AB, CANADA (CA), T2P 1M4","-"
"Petronas Energy Canada Ltd",24SW000385399,"-","CG2NTX01",00059c1d-becb-2afa-265f-ac1f6b3586c9,"Scott Sefcik","scott.sefcik@nutanix.com",SW-NCI-PRO-PR,0,"Software Only","Shipped",-,-,"6.10.1",NX-SWO,"AHV","-","Calgary",2024-11-13,2025-10-23 00:00,-,-,-,-,-,"Production: 24x7 service; NBD parts",Under Support,2024-11-13,2029-11-12,"-","-",-,-,"Revenue - MITF","Americas North Enterprise & Canada","Canada Enterprise/Comm West","CompuCom","ARROW ECS CANADA","-","SO-196439","-","CANADA (CA)","T2P 1M4","1600-215 2 ST SW, Calgary, AB, CANADA (CA), T2P 1M4","-"
"Petronas Energy Canada Ltd",24SW000385400,"-","CG1NTX02",0005b25a-c5ae-bdb0-3c5d-3cecef180a5e,"Scott Sefcik","scott.sefcik@nutanix.com",SWA-NCI-ADR-PR,0,"Software Only","Shipped",-,-,"6.10",NX-SWO,"AHV","-","Calgary",2024-11-13,2025-10-23 00:00,-,-,-,-,-,"Production: 24x7 service; NBD parts",Under Support,2024-11-13,2029-11-12,"-","-",-,-,"Revenue - MITF","Americas North Enterprise & Canada","Canada Enterprise/Comm West","CompuCom","ARROW ECS CANADA","-","SO-196439","-","CANADA (CA)","T2P 1M4","1600-215 2 ST SW, Calgary, AB, CANADA (CA), T2P 1M4","-"
"Petronas Energy Canada Ltd",24SW000385400,"-","CG2NTX01",00059c1d-becb-2afa-265f-ac1f6b3586c9,"Scott Sefcik","scott.sefcik@nutanix.com",SWA-NCI-ADR-PR,0,"Software Only","Shipped",-,-,"6.10.1",NX-SWO,"AHV","-","Calgary",2024-11-13,2025-10-23 00:00,-,-,-,-,-,"Production: 24x7 service; NBD parts",Under Support,2024-11-13,2029-11-12,"-","-",-,-,"Revenue - MITF","Americas North Enterprise & Canada","Canada Enterprise/Comm West","CompuCom","ARROW ECS CANADA","-","SO-196439","-","CANADA (CA)","T2P 1M4","1600-215 2 ST SW, Calgary, AB, CANADA (CA), T2P 1M4","-"
"Petronas Energy Canada Ltd",24SW000385401,"-","CG1PRISM",d890c827-4e71-44c8-aa87-55b6b64398a2,"Scott Sefcik","scott.sefcik@nutanix.com",SW-NCM-STR-PR,0,"Software Only","Shipped",-,-,"7.3.1",NX-SWO,"Not Found","-","Calgary",2024-11-13,2025-10-23 00:00,-,-,-,-,-,"Production: 24x7 service; NBD parts",Under Support,2024-11-13,2029-11-12,"14033516939","infrastructure@petronascanada.com",-,-,"Revenue - MITF","Americas North Enterprise & Canada","Canada Enterprise/Comm West","CompuCom","ARROW ECS CANADA","-","SO-196439","-","CANADA (CA)","T2P 1M4","1600-215 2 ST SW, Calgary, AB, CANADA (CA), T2P 1M4","-"
"Petronas Energy Canada Ltd",25SH5T320031,"WM255S003498","CG1NTX02",0005b25a-c5ae-bdb0-3c5d-3cecef180a5e,"Scott Sefcik","scott.sefcik@nutanix.com",NX-1175S-G9-CM,0,"NX-1175S","Shipped",-,1,"6.10",NX-SWO,"AHV","Nutanix 20230302.102001","Calgary",2025-08-25,2025-10-23 00:00,27.94 TiB,30.72 TB,-,-,8,"Production: 24x7 service; NBD parts",Under Support,2025-08-25,2030-08-24,"14033516939","infrastructure@petronascanada.com",-,-,"Revenue - MITF","Americas North Enterprise & Canada","Canada Enterprise/Comm West","CompuCom Canada","ARROW ECS CANADA","-","SO-219432","-","CANADA (CA)","T2C 3C2","204-7007 54 ST SE, Calgary, AB, CANADA (CA), T2C 3C2","-"
"Petronas Energy Canada Ltd",25SH5T320032,"WM255S003100","CG1NTX02",0005b25a-c5ae-bdb0-3c5d-3cecef180a5e,"Scott Sefcik","scott.sefcik@nutanix.com",NX-1175S-G9-CM,0,"NX-1175S","Shipped",-,1,"6.10",NX-SWO,"AHV","Nutanix 20230302.102001","Calgary",2025-08-25,2025-10-23 00:00,27.94 TiB,30.72 TB,-,-,8,"Production: 24x7 service; NBD parts",Under Support,2025-08-25,2030-08-24,"14033516939","infrastructure@petronascanada.com",-,-,"Revenue - MITF","Americas North Enterprise & Canada","Canada Enterprise/Comm West","CompuCom Canada","ARROW ECS CANADA","-","SO-219432","-","CANADA (CA)","T2C 3C2","204-7007 54 ST SE, Calgary, AB, CANADA (CA), T2C 3C2","-"
"Petronas Energy Canada Ltd",25SH5T320034,"WM255S003558","CG1NTX02",0005b25a-c5ae-bdb0-3c5d-3cecef180a5e,"Scott Sefcik","scott.sefcik@nutanix.com",NX-1175S-G9-CM,0,"NX-1175S","Shipped",-,1,"6.10",NX-SWO,"AHV","Nutanix 20230302.102001","Calgary",2025-08-25,2025-10-23 00:00,27.94 TiB,30.72 TB,-,-,8,"Production: 24x7 service; NBD parts",Under Support,2025-08-25,2030-08-24,"14033516939","infrastructure@petronascanada.com",-,-,"Revenue - MITF","Americas North Enterprise & Canada","Canada Enterprise/Comm West","CompuCom Canada","ARROW ECS CANADA","-","SO-219432","-","CANADA (CA)","T2C 3C2","204-7007 54 ST SE, Calgary, AB, CANADA (CA), T2C 3C2","-"
"Petronas Energy Canada Ltd",25SH5T320068,"WM255S003194","CG1NTX02",0005b25a-c5ae-bdb0-3c5d-3cecef180a5e,"Scott Sefcik","scott.sefcik@nutanix.com",NX-1175S-G9-CM,0,"NX-1175S","Shipped",-,1,"6.10",NX-SWO,"AHV","Nutanix 20230302.102001","Calgary",2025-08-25,2025-10-23 00:00,27.94 TiB,30.72 TB,-,-,8,"Production: 24x7 service; NBD parts",Under Support,2025-08-25,2030-08-24,"14033516939","infrastructure@petronascanada.com",-,-,"Revenue - MITF","Americas North Enterprise & Canada","Canada Enterprise/Comm West","CompuCom Canada","ARROW ECS CANADA","-","SO-219432","-","CANADA (CA)","T2C 3C2","204-7007 54 ST SE, Calgary, AB, CANADA (CA), T2C 3C2","-"
"Petronas Energy Canada Ltd",25SW000444045,"-","CG1NTX02",0005b25a-c5ae-bdb0-3c5d-3cecef180a5e,"Scott Sefcik","scott.sefcik@nutanix.com",SW-NCI-PRO-PR,0,"Software Only","Shipped",-,-,"6.10",NX-SWO,"AHV","-","Calgary",2025-08-25,2025-10-23 00:00,-,-,-,-,-,"Production: 24x7 service; NBD parts",Under Support,2025-08-25,2030-08-24,"-","-",-,-,"Revenue - MITF","Americas North Enterprise & Canada","Canada Enterprise/Comm West","CompuCom Canada","ARROW ECS CANADA","-","SO-219432","-","CANADA (CA)","T2C 3C2","204-7007 54 ST SE, Calgary, AB, CANADA (CA), T2C 3C2","-"
"Petronas Energy Canada Ltd",25SW000444046,"-","CG1PRISM",d890c827-4e71-44c8-aa87-55b6b64398a2,"Scott Sefcik","scott.sefcik@nutanix.com",SW-NCM-STR-PR,0,"Software Only","Shipped",-,-,"7.3.1",NX-SWO,"Not Found","-","Calgary",2025-08-25,2025-10-23 00:00,-,-,-,-,-,"Production: 24x7 service; NBD parts",Under Support,2025-08-25,2030-08-24,"-","-",-,-,"Revenue - MITF","Americas North Enterprise & Canada","Canada Enterprise/Comm West","CompuCom Canada","ARROW ECS CANADA","-","SO-219432","-","CANADA (CA)","T2C 3C2","204-7007 54 ST SE, Calgary, AB, CANADA (CA), T2C 3C2","-"
"Petronas Energy Canada Ltd",25SW000444047,"-","CG2NTX01",00059c1d-becb-2afa-265f-ac1f6b3586c9,"Scott Sefcik","scott.sefcik@nutanix.com",SWA-NCI-ADR-PR,0,"Software Only","Shipped",-,-,"6.10.1",NX-SWO,"AHV","-","Calgary",2025-08-25,2025-10-23 00:00,-,-,-,-,-,"Production: 24x7 service; NBD parts",Under Support,2025-08-25,2030-08-24,"14033516939","infrastructure@petronascanada.com",-,-,"Revenue - MITF","Americas North Enterprise & Canada","Canada Enterprise/Comm West","CompuCom Canada","ARROW ECS CANADA","-","SO-219432","-","CANADA (CA)","T2C 3C2","204-7007 54 ST SE, Calgary, AB, CANADA (CA), T2C 3C2","-"
"Petronas Energy Canada Ltd",25SW000449817,"-","CG2PRISM",ea890b67-c919-4ef2-92e7-cbb20d4df250,"Scott Sefcik","scott.sefcik@nutanix.com",SW-NCM-STR-PR,0,"Software Only","Shipped",-,-,"7.3.1",NX-SWO,"Not Found","-","Calgary",2025-10-02,2025-10-23 00:00,-,-,-,-,-,"Production: 24x7 service; NBD parts",Under Support,2025-10-02,2026-10-01,"14033516939","infrastructure@petronascanada.com",-,-,"SW Only","Americas North Enterprise & Canada","Canada Enterprise/Comm West","CompuCom Canada","ARROW ECS CANADA","-","SO-222193","-","CANADA (CA)","T2P 1M4","215 2 ST SW SUITE 1600, Calgary, AB, CANADA (CA), T2P 1M4","-"
