Cluster Name,Cluster UUID,Account Name,Account Executive Email,Account Executive,Theater,Region,Sub-Region,Storage Container Name,Storage Container UUID,Storage Pool Name,Storage Pool UUID,Compression Type,Finger Print Enabled,Replication Factor,Compression Enabled,Deduplication Enabled,Erasure Coding Enabled,Implicit Reserved Capacity (In TiB),Explicit Reserved Capacity (In TiB),Dedup Policy,Erasure Code,AOS/PC Version,NCC Version,Cluster Fault Tolerance,Last Pulse
"WC-CGY-NXB",0005bc41-a88b-e6a0-6a7b-9440c9b3e5dc,"WhiteCap Resources","scott.sefcik@nutanix.com","Scott Sefcik",Americas,Americas North Enterprise & Canada,Canada Enterprise/Comm West,NutanixManagementShare,02bad731-cc35-4536-81d8-4dee747b13d4,Not Found,Not Found,0.0,False,2,True,False,False,-,-,-,-,"6.10.1","5.2.1","FT1/RF2",2025-10-23
"WC-CGY-NXC",0005bfe0-8958-715b-6f9b-d4f5ef1b0ce0,"WhiteCap Resources","scott.sefcik@nutanix.com","Scott Sefcik",Americas,Americas North Enterprise & Canada,Canada Enterprise/Comm West,wc-cgy-nxc01-CN1,02c1802a-13e0-49c7-b48f-096ffcb39294,Not Found,Not Found,-,False,2,False,False,False,-,0,0.0,-,"6.10.1","5.1.0","FT1/RF2",2025-10-23
"WC-STR-NXA",00061057-fe1d-855f-4235-3cecefdb38a6,"WhiteCap Resources","scott.sefcik@nutanix.com","Scott Sefcik",Americas,Americas North Enterprise & Canada,Canada Enterprise/Comm West,SelfServiceContainer,074ff2e6-f68f-4a68-b06c-9daa798198b4,default-storage-pool-62079400259280,3084ae26-0e74-475a-8382-9d76f9cad7f0,-,False,2,False,False,False,-,-,-,-,"6.10.1","5.1.0","FT1/RF2",2025-10-23
"WC-RMHNTNX01",0005902a-f77c-9576-0000-00000002a6eb,"WhiteCap Resources","scott.sefcik@nutanix.com","Scott Sefcik",Americas,Americas North Enterprise & Canada,Canada Enterprise/Comm West,NutanixManagementShare,0c155809-3139-4578-9da3-37a07a1254f0,default-storage-pool-173803,cd8c32a8-b87a-4534-a6ac-8370e8669e70,0.0,False,2,True,False,False,-,-,-,-,"6.10.1","5.1.0","FT1/RF2",2025-10-23
"WC-KWA-NXB",000610ba-e6e5-b3ee-69b2-3cecefdb38b1,"WhiteCap Resources","scott.sefcik@nutanix.com","Scott Sefcik",Americas,Americas North Enterprise & Canada,Canada Enterprise/Comm West,NutanixManagementShare,0c7b5900-cca5-46f4-831f-1f23fd21c6f8,default-storage-pool-5676102771936,b60f431e-a882-4e23-81d2-91c9da28dffa,0.0,False,2,True,False,False,-,-,-,-,"6.10.1","5.2.1","FT1/RF2",2025-10-23
"WC-BUT-NXA",000619c2-e438-a495-7e41-3cecefdb38c5,"WhiteCap Resources","scott.sefcik@nutanix.com","Scott Sefcik",Americas,Americas North Enterprise & Canada,Canada Enterprise/Comm West,NutanixManagementShare,0dd68055-7d32-4c09-86cb-02f34335c66f,Not Found,Not Found,0.0,False,2,True,False,False,-,-,-,-,"6.10.1","5.1.0","FT1/RF2",2025-10-23
"WC-KWA-NXB",000610ba-e6e5-b3ee-69b2-3cecefdb38b1,"WhiteCap Resources","scott.sefcik@nutanix.com","Scott Sefcik",Americas,Americas North Enterprise & Canada,Canada Enterprise/Comm West,SelfServiceContainer,0f18771c-7894-4bc9-8d07-ff00d512c024,default-storage-pool-5676102771936,b60f431e-a882-4e23-81d2-91c9da28dffa,-,False,2,False,False,False,-,-,-,-,"6.10.1","5.2.1","FT1/RF2",2025-10-23
"WC-CGY-NXE",00061755-a6a5-3a82-390b-043201f0fd0a,"WhiteCap Resources","scott.sefcik@nutanix.com","Scott Sefcik",Americas,Americas North Enterprise & Canada,Canada Enterprise/Comm West,objectsl96d5eee734374fe370b0a2e6748e17c7,106d1801-9e64-4345-807d-c334eec96400,Not Found,Not Found,0.0,False,2,True,False,False,-,-,-,-,"6.10.1","5.2.0","FT1/RF2",2025-10-23
"WC-RMHNTNX01",0005902a-f77c-9576-0000-00000002a6eb,"WhiteCap Resources","scott.sefcik@nutanix.com","Scott Sefcik",Americas,Americas North Enterprise & Canada,Canada Enterprise/Comm West,default-container-173803,110a0316-7137-4afe-bcd1-901daa5e9f7f,default-storage-pool-173803,cd8c32a8-b87a-4534-a6ac-8370e8669e70,-,False,2,False,False,False,-,-,-,-,"6.10.1","5.1.0","FT1/RF2",2025-10-23
"WC-GLNNTNX01",0005a0fe-ace6-1f1b-0000-00000002b8a5,"WhiteCap Resources","scott.sefcik@nutanix.com","Scott Sefcik",Americas,Americas North Enterprise & Canada,Canada Enterprise/Comm West,default-container-178341,121d4f31-74af-4899-84d8-7da0d68796e9,default-storage-pool-178341,b35919fa-7bb2-46ae-9376-aca1624db979,-,False,2,False,False,False,-,-,-,-,"6.10.1","5.1.0","FT1/RF2",2025-10-23
"WC-WAP-NXA",0006051a-66b0-8597-37b6-3cecefd475d3,"WhiteCap Resources","scott.sefcik@nutanix.com","Scott Sefcik",Americas,Americas North Enterprise & Canada,Canada Enterprise/Comm West,SelfServiceContainer,1499dcd2-dddd-4e62-8c8b-bc61b56469dc,default-storage-pool-25834721275695,ba3a5c69-10c5-46a3-85da-e884d125a458,-,False,2,False,False,False,-,-,-,-,"6.10.1","5.2.1","FT1/RF2",2025-10-23
"WC-KBP-NXB",0005e716-0b5a-1bf7-1c68-3ceceffe1b50,"WhiteCap Resources","scott.sefcik@nutanix.com","Scott Sefcik",Americas,Americas North Enterprise & Canada,Canada Enterprise/Comm West,default-container-15785385840824,1504ae0a-e184-4d75-9eaa-52aff4088714,Not Found,Not Found,0.0,True,2,True,True,False,-,0,2.0,-,"6.10.1","5.2.1","FT1/RF2",2025-10-23
"WC-DUV-NXA",00061a29-6e0f-ec03-7d55-7cc255e24fe7,"WhiteCap Resources","scott.sefcik@nutanix.com","Scott Sefcik",Americas,Americas North Enterprise & Canada,Canada Enterprise/Comm West,default-container-37703196582691,16095eff-7c85-4a1d-baf8-9c13e8c2968f,default-storage-pool-37703196582691,8097f1f0-e113-42d5-bed5-0a90eb16ede4,-,False,2,False,False,False,-,-,-,-,"6.10.1","5.1.0","FT1/RF2",2025-10-23
"WC-FOS-NXA",000619ff-ccac-366c-26f0-7cc255e24fc9,"WhiteCap Resources","scott.sefcik@nutanix.com","Scott Sefcik",Americas,Americas North Enterprise & Canada,Canada Enterprise/Comm West,SelfServiceContainer,1690f53c-47a9-4f32-9e36-8794fafdf809,default-storage-pool-83858006684554,a60432f2-5ad6-47f8-9d23-8d279f038a34,-,False,2,False,False,False,-,-,-,-,"6.10.1","5.1.0","FT1/RF2",2025-10-23
"WC-CGY-NXC",0005bfe0-8958-715b-6f9b-d4f5ef1b0ce0,"WhiteCap Resources","scott.sefcik@nutanix.com","Scott Sefcik",Americas,Americas North Enterprise & Canada,Canada Enterprise/Comm West,NutanixManagementShare,187d75d3-b6cb-4316-8666-e22fef15eca1,Not Found,Not Found,0.0,False,2,True,False,False,-,-,-,-,"6.10.1","5.1.0","FT1/RF2",2025-10-23
"WC-OLDS-NXA",00061a02-c6d8-af73-118f-7cc255e25075,"WhiteCap Resources","scott.sefcik@nutanix.com","Scott Sefcik",Americas,Americas North Enterprise & Canada,Canada Enterprise/Comm West,SelfServiceContainer,190ed286-5063-4626-9b81-139465543003,default-storage-pool-59044353331635,ce9fc3ca-2d11-4633-b38b-3eded816e0d6,-,False,2,False,False,False,-,-,-,-,"6.10.1","5.1.0","FT1/RF2",2025-10-23
"WC-RMHNTNX01",0005902a-f77c-9576-0000-00000002a6eb,"WhiteCap Resources","scott.sefcik@nutanix.com","Scott Sefcik",Americas,Americas North Enterprise & Canada,Canada Enterprise/Comm West,SelfServiceContainer,1b879cf7-1120-421d-a2a8-1a069899e9b4,default-storage-pool-173803,cd8c32a8-b87a-4534-a6ac-8370e8669e70,-,False,2,False,False,False,-,-,-,-,"6.10.1","5.1.0","FT1/RF2",2025-10-23
"DR-AWS-NXA",00062138-280a-23fc-d265-1cc0ae5e57ab,"WhiteCap Resources","scott.sefcik@nutanix.com","Scott Sefcik",Americas,Americas North Enterprise & Canada,Canada Enterprise/Comm West,WC-AWS-STORAGE,1c08df92-c2e3-432f-bea7-a77dab3bf53b,Not Found,Not Found,0.0,False,2,True,False,False,-,-,0.0,-,"7.0.1","5.1.1","FT1/RF2",2025-10-23
"WC-CGY-NXD",0005e704-225b-e742-16fd-3ceceffe1ca0,"WhiteCap Resources","scott.sefcik@nutanix.com","Scott Sefcik",Americas,Americas North Enterprise & Canada,Canada Enterprise/Comm West,SelfServiceContainer,212883f8-785b-4dde-9e23-bad68c751e24,Not Found,Not Found,-,False,2,False,False,False,-,-,-,-,"6.10.1","5.2.1","FT1/RF2",2025-10-23
"WC-WAP-NXA",0006051a-66b0-8597-37b6-3cecefd475d3,"WhiteCap Resources","scott.sefcik@nutanix.com","Scott Sefcik",Americas,Americas North Enterprise & Canada,Canada Enterprise/Comm West,default-container-25834721275695,27343af9-1a4f-4d77-8d59-adf2e45d62ba,default-storage-pool-25834721275695,ba3a5c69-10c5-46a3-85da-e884d125a458,-,False,2,False,False,False,-,-,-,-,"6.10.1","5.2.1","FT1/RF2",2025-10-23
"WC-GCK-NXA",00063e9d-48cc-f8c3-5293-7cc255ec2d38,"WhiteCap Resources","scott.sefcik@nutanix.com","Scott Sefcik",Americas,Americas North Enterprise & Canada,Canada Enterprise/Comm West,NutanixManagementShare,2752dc87-24a6-43a0-a238-052c15c14937,Not Found,Not Found,0.0,False,2,True,False,False,-,-,-,-,"6.10.1","5.0.1.1","FT1/RF2",2025-10-23
"WC-CGY-NXD",0005e704-225b-e742-16fd-3ceceffe1ca0,"WhiteCap Resources","scott.sefcik@nutanix.com","Scott Sefcik",Americas,Americas North Enterprise & Canada,Canada Enterprise/Comm West,NutanixManagementShare,2ae613fd-ce52-4d1e-9988-df86c1ce9c29,Not Found,Not Found,0.0,False,2,True,False,False,-,-,-,-,"6.10.1","5.2.1","FT1/RF2",2025-10-23
"WC-GCK-NXA",00063e9d-48cc-f8c3-5293-7cc255ec2d38,"WhiteCap Resources","scott.sefcik@nutanix.com","Scott Sefcik",Americas,Americas North Enterprise & Canada,Canada Enterprise/Comm West,default-container-55545064966768,2c801876-5410-4da2-841e-f1be81d6d3e5,Not Found,Not Found,-,False,2,False,False,False,-,-,-,-,"6.10.1","5.0.1.1","FT1/RF2",2025-10-23
"WC-CGY-NXB",0005bc41-a88b-e6a0-6a7b-9440c9b3e5dc,"WhiteCap Resources","scott.sefcik@nutanix.com","Scott Sefcik",Americas,Americas North Enterprise & Canada,Canada Enterprise/Comm West,Nutanix_WC-CGY-AFS01_ctr,2d7c79a2-332b-4fc9-94cf-974010f0d052,Not Found,Not Found,0.0,False,2,True,False,True,-,0,0.0,*/1,"6.10.1","5.2.1","FT1/RF2",2025-10-23
"WC-KBP-NXB",0005e716-0b5a-1bf7-1c68-3ceceffe1b50,"WhiteCap Resources","scott.sefcik@nutanix.com","Scott Sefcik",Americas,Americas North Enterprise & Canada,Canada Enterprise/Comm West,NutanixManagementShare,330485f6-1516-414e-8359-0fd20a42e779,Not Found,Not Found,0.0,False,2,True,False,False,-,-,-,-,"6.10.1","5.2.1","FT1/RF2",2025-10-23
"WC-DUV-NXA",00061a29-6e0f-ec03-7d55-7cc255e24fe7,"WhiteCap Resources","scott.sefcik@nutanix.com","Scott Sefcik",Americas,Americas North Enterprise & Canada,Canada Enterprise/Comm West,SelfServiceContainer,382f23bf-3053-41db-adaf-f0d100308538,default-storage-pool-37703196582691,8097f1f0-e113-42d5-bed5-0a90eb16ede4,-,False,2,False,False,False,-,-,-,-,"6.10.1","5.1.0","FT1/RF2",2025-10-23
"WC-CGY-NXC",0005bfe0-8958-715b-6f9b-d4f5ef1b0ce0,"WhiteCap Resources","scott.sefcik@nutanix.com","Scott Sefcik",Americas,Americas North Enterprise & Canada,Canada Enterprise/Comm West,SelfServiceContainer,3b154702-fead-497a-9205-9ec1df8c6f22,Not Found,Not Found,-,False,2,False,False,False,-,-,-,-,"6.10.1","5.1.0","FT1/RF2",2025-10-23
"WC-CGY-NXE",00061755-a6a5-3a82-390b-043201f0fd0a,"WhiteCap Resources","scott.sefcik@nutanix.com","Scott Sefcik",Americas,Americas North Enterprise & Canada,Canada Enterprise/Comm West,Nutanix_CGY-AFS-P05_ctr,3cddc229-8343-4a8c-9800-a3a9b9a4de69,Not Found,Not Found,0.0,False,2,True,False,True,-,0,0.0,*/1,"6.10.1","5.2.0","FT1/RF2",2025-10-23
"WC-CGY-NXE",00061755-a6a5-3a82-390b-043201f0fd0a,"WhiteCap Resources","scott.sefcik@nutanix.com","Scott Sefcik",Americas,Americas North Enterprise & Canada,Canada Enterprise/Comm West,SelfServiceContainer,4829e3bf-ed01-4b1c-a706-90704b7688d7,Not Found,Not Found,-,False,2,False,False,False,-,0,0.0,-,"6.10.1","5.2.0","FT1/RF2",2025-10-23
"WC-KWA-NXA",000581e3-76ec-96d8-0000-000000027cc9,"WhiteCap Resources","scott.sefcik@nutanix.com","Scott Sefcik",Americas,Americas North Enterprise & Canada,Canada Enterprise/Comm West,NutanixManagementShare,4862ba04-62aa-4c3b-bf9e-fde660f18dd9,default-storage-pool-163017,857ca8cf-78ea-400a-b9a3-8dae28d11520,0.0,False,2,True,False,False,-,-,-,-,"6.10.1","5.1.0","FT1/RF2",2025-10-23
"WC-OLDS-NXA",00061a02-c6d8-af73-118f-7cc255e25075,"WhiteCap Resources","scott.sefcik@nutanix.com","Scott Sefcik",Americas,Americas North Enterprise & Canada,Canada Enterprise/Comm West,default-container-59044353331635,4d4c8c71-4323-448f-bfaf-784192f2a997,default-storage-pool-59044353331635,ce9fc3ca-2d11-4633-b38b-3eded816e0d6,-,False,2,False,False,False,-,-,-,-,"6.10.1","5.1.0","FT1/RF2",2025-10-23
"WC-BUT-NXA",000619c2-e438-a495-7e41-3cecefdb38c5,"WhiteCap Resources","scott.sefcik@nutanix.com","Scott Sefcik",Americas,Americas North Enterprise & Canada,Canada Enterprise/Comm West,SelfServiceContainer,517c6f11-d36a-4f08-9378-2447150e0dc7,Not Found,Not Found,-,False,2,False,False,False,-,-,-,-,"6.10.1","5.1.0","FT1/RF2",2025-10-23
"WC-MUS-NXB",000631b7-bf0a-7a30-7263-7cc255eaabe0,"WhiteCap Resources","scott.sefcik@nutanix.com","Scott Sefcik",Americas,Americas North Enterprise & Canada,Canada Enterprise/Comm West,SelfServiceContainer,558d6d98-f39b-431f-9051-13707d26f88e,Not Found,Not Found,-,False,2,False,False,False,-,-,-,-,"6.10.1","5.0.1.1","FT1/RF2",2025-10-23
"WC-KWA-NXA",000581e3-76ec-96d8-0000-000000027cc9,"WhiteCap Resources","scott.sefcik@nutanix.com","Scott Sefcik",Americas,Americas North Enterprise & Canada,Canada Enterprise/Comm West,default-container-163017,59b221ff-bd7a-487d-9b55-d8560025102e,default-storage-pool-163017,857ca8cf-78ea-400a-b9a3-8dae28d11520,0.0,False,2,True,False,False,-,0,-,-,"6.10.1","5.1.0","FT1/RF2",2025-10-23
"WC-VAL-NXA",0005d9f3-3eae-2c27-0c08-3cecefeec058,"WhiteCap Resources","scott.sefcik@nutanix.com","Scott Sefcik",Americas,Americas North Enterprise & Canada,Canada Enterprise/Comm West,NutanixManagementShare,5d189e76-35e3-4e85-9fac-430485921603,default-storage-pool-92374547319703,4306057e-349e-4473-a842-8645964ff51a,0.0,False,2,True,False,False,-,-,-,-,"6.10.1","5.1.0","FT1/RF2",2025-10-23
"WC-CGY-NXE",00061755-a6a5-3a82-390b-043201f0fd0a,"WhiteCap Resources","scott.sefcik@nutanix.com","Scott Sefcik",Americas,Americas North Enterprise & Canada,Canada Enterprise/Comm West,default-container-2112796502753,5e355229-7e37-45b5-a1cb-562d9efd6e41,Not Found,Not Found,0.0,False,2,True,False,False,-,0,0.0,-,"6.10.1","5.2.0","FT1/RF2",2025-10-23
"WC-WEY-NXA",0005c575-5610-8b63-6cd3-3cecef5abbeb,"WhiteCap Resources","scott.sefcik@nutanix.com","Scott Sefcik",Americas,Americas North Enterprise & Canada,Canada Enterprise/Comm West,SANDBOX,6297b1d1-a580-402d-9233-6f82651801cc,default-storage-pool-42427743041,d1f61b99-3eac-457c-86dc-b46d2d26c666,0.0,True,2,True,False,False,-,-,0.0,-,"6.10.1","5.2.1","FT1/RF2",2025-10-23
"WC-CGY-NXD",0005e704-225b-e742-16fd-3ceceffe1ca0,"WhiteCap Resources","scott.sefcik@nutanix.com","Scott Sefcik",Americas,Americas North Enterprise & Canada,Canada Enterprise/Comm West,default-container-46451818490244,62bd97f8-d094-433e-ae39-c4d35cb10cb1,Not Found,Not Found,0.0,True,2,True,True,False,-,0,2.0,-,"6.10.1","5.2.1","FT1/RF2",2025-10-23
"WC-MUS-NXB",000631b7-bf0a-7a30-7263-7cc255eaabe0,"WhiteCap Resources","scott.sefcik@nutanix.com","Scott Sefcik",Americas,Americas North Enterprise & Canada,Canada Enterprise/Comm West,NutanixManagementShare,63805dbf-8f11-424a-b813-186b2cf99a89,Not Found,Not Found,0.0,False,2,True,False,False,-,-,-,-,"6.10.1","5.0.1.1","FT1/RF2",2025-10-23
"WC-CYNNTNX01",00059f6d-e733-a513-0000-00000002b8cd,"WhiteCap Resources","scott.sefcik@nutanix.com","Scott Sefcik",Americas,Americas North Enterprise & Canada,Canada Enterprise/Comm West,NutanixManagementShare,6448e83f-cc1c-4927-9429-372eb0eecbf5,default-storage-pool-178381,c863e432-91f9-4a3c-bf69-20bc1f81ada5,0.0,False,2,True,False,False,-,-,-,-,"6.10.1","5.2.1","FT1/RF2",2025-10-23
"WC-CYNNTNX01",00059f6d-e733-a513-0000-00000002b8cd,"WhiteCap Resources","scott.sefcik@nutanix.com","Scott Sefcik",Americas,Americas North Enterprise & Canada,Canada Enterprise/Comm West,default-container-178381,69ca3350-c806-42bf-b675-c667877f0f03,default-storage-pool-178381,c863e432-91f9-4a3c-bf69-20bc1f81ada5,-,False,2,False,False,False,-,-,-,-,"6.10.1","5.2.1","FT1/RF2",2025-10-23
"WC-GLP-NXA",00063373-2db4-cb89-6a84-7cc255eaac5e,"WhiteCap Resources","scott.sefcik@nutanix.com","Scott Sefcik",Americas,Americas North Enterprise & Canada,Canada Enterprise/Comm West,SelfServiceContainer,6a74bfa5-9d71-452a-bd6d-23b6009a562e,default-storage-pool-67273870584440,ed915fce-22ab-4eba-9081-b3f1ce173473,-,False,2,False,False,False,-,-,-,-,"6.10.1","5.0.1.1","FT1/RF2",2025-10-23
"WC-SUF-NXA",0006181b-b393-4a68-2042-3cecefdb3842,"WhiteCap Resources","scott.sefcik@nutanix.com","Scott Sefcik",Americas,Americas North Enterprise & Canada,Canada Enterprise/Comm West,NutanixManagementShare,6aca0c2b-e491-4a53-a3ba-549c84d4d9f5,Not Found,Not Found,0.0,False,2,True,False,False,-,-,-,-,"6.10.1","5.1.0","FT1/RF2",2025-10-23
"WC-KER-NXA",000619ac-5b08-796a-65ea-7cc255e25073,"WhiteCap Resources","scott.sefcik@nutanix.com","Scott Sefcik",Americas,Americas North Enterprise & Canada,Canada Enterprise/Comm West,default-container-96489630984030,6b21f5b1-8a44-47fc-bcd6-045e2d800e7d,Not Found,Not Found,-,False,2,False,False,False,-,-,-,-,"6.10.1","5.1.0","FT1/RF2",2025-10-23
"WC-SMK-NXA",00063ea0-53a3-de29-49ae-7cc255ed44cb,"WhiteCap Resources","scott.sefcik@nutanix.com","Scott Sefcik",Americas,Americas North Enterprise & Canada,Canada Enterprise/Comm West,NutanixManagementShare,6f4882f6-477c-4d3f-9da0-bc9772fe9cc3,default-storage-pool-43770260666233,b6e8063e-8216-4587-a5da-b73cabce8c0f,0.0,False,2,True,False,False,-,-,-,-,"6.10.1","5.0.1.1","FT1/RF2",2025-10-23
"WC-WEY-NXA",0005c575-5610-8b63-6cd3-3cecef5abbeb,"WhiteCap Resources","scott.sefcik@nutanix.com","Scott Sefcik",Americas,Americas North Enterprise & Canada,Canada Enterprise/Comm West,SelfServiceContainer,72d43bb2-fb72-4c86-821f-f7545ed41242,default-storage-pool-42427743041,d1f61b99-3eac-457c-86dc-b46d2d26c666,-,False,2,False,False,False,-,-,-,-,"6.10.1","5.2.1","FT1/RF2",2025-10-23
"WC-CGY-NXB",0005bc41-a88b-e6a0-6a7b-9440c9b3e5dc,"WhiteCap Resources","scott.sefcik@nutanix.com","Scott Sefcik",Americas,Americas North Enterprise & Canada,Canada Enterprise/Comm West,wc-cgy-nxb-CN1,755cb137-c7bc-4d03-88f8-32426ebaf47c,Not Found,Not Found,0.0,True,2,True,True,False,-,0,2.0,-,"6.10.1","5.2.1","FT1/RF2",2025-10-23
"WC-SMK-NXA",00063ea0-53a3-de29-49ae-7cc255ed44cb,"WhiteCap Resources","scott.sefcik@nutanix.com","Scott Sefcik",Americas,Americas North Enterprise & Canada,Canada Enterprise/Comm West,default-container-43770260666233,76574f49-87bd-4af6-aa33-92eb1d8e3787,default-storage-pool-43770260666233,b6e8063e-8216-4587-a5da-b73cabce8c0f,-,False,2,False,False,False,-,-,-,-,"6.10.1","5.0.1.1","FT1/RF2",2025-10-23
"WC-EST-NXA",00061972-1b06-3393-1190-7cc255e1e208,"WhiteCap Resources","scott.sefcik@nutanix.com","Scott Sefcik",Americas,Americas North Enterprise & Canada,Canada Enterprise/Comm West,SelfServiceContainer,794ea13f-48a0-4884-976e-41b8373232b7,default-storage-pool-18693190184050,a6072621-8c42-4dde-9ce1-dfee317c718a,-,False,2,False,False,False,-,-,-,-,"6.10.1","5.1.0","FT1/RF2",2025-10-23
"WC-KER-NXA",000619ac-5b08-796a-65ea-7cc255e25073,"WhiteCap Resources","scott.sefcik@nutanix.com","Scott Sefcik",Americas,Americas North Enterprise & Canada,Canada Enterprise/Comm West,NutanixManagementShare,7991bf02-31ce-4a36-80b9-ea3319bd1263,Not Found,Not Found,0.0,False,2,True,False,False,-,-,-,-,"6.10.1","5.1.0","FT1/RF2",2025-10-23
"DR-AWS-NXA",00062138-280a-23fc-d265-1cc0ae5e57ab,"WhiteCap Resources","scott.sefcik@nutanix.com","Scott Sefcik",Americas,Americas North Enterprise & Canada,Canada Enterprise/Comm West,NutanixManagementShare,7c38e529-99a5-49e4-8786-9c34179a3225,Not Found,Not Found,0.0,False,2,True,False,False,-,-,-,-,"7.0.1","5.1.1","FT1/RF2",2025-10-23
"WC-WAP-NXA",0006051a-66b0-8597-37b6-3cecefd475d3,"WhiteCap Resources","scott.sefcik@nutanix.com","Scott Sefcik",Americas,Americas North Enterprise & Canada,Canada Enterprise/Comm West,NutanixManagementShare,7c945faf-7112-40d1-be2b-fe2386ed9e7d,default-storage-pool-25834721275695,ba3a5c69-10c5-46a3-85da-e884d125a458,0.0,False,2,True,False,False,-,-,-,-,"6.10.1","5.2.1","FT1/RF2",2025-10-23
"WC-BDLNTNX01",0005902b-e433-72e8-0000-00000002a6e3,"WhiteCap Resources","scott.sefcik@nutanix.com","Scott Sefcik",Americas,Americas North Enterprise & Canada,Canada Enterprise/Comm West,SelfServiceContainer,7eb6b45b-1ebe-42a6-a523-c1483c4a481c,default-storage-pool-173795,7297602d-f494-4ad8-b294-cde32684c636,-,False,2,False,False,False,-,-,-,-,"6.10.1","5.1.0","FT1/RF2",2025-10-23
"WC-KBP-NXA",0005e712-d27c-1010-206a-3ceceffd92e0,"WhiteCap Resources","scott.sefcik@nutanix.com","Scott Sefcik",Americas,Americas North Enterprise & Canada,Canada Enterprise/Comm West,default-container-22640150896682,7ed5e9b7-d5a8-494f-9b70-7c48b4e797c5,default-storage-pool-22640150896682,754d7811-a5ae-4a7d-81a9-3b28363c6b22,-,False,2,False,False,False,-,-,-,-,"6.10.1","5.2.1","FT1/RF2",2025-10-23
"WC-STR-NXA",00061057-fe1d-855f-4235-3cecefdb38a6,"WhiteCap Resources","scott.sefcik@nutanix.com","Scott Sefcik",Americas,Americas North Enterprise & Canada,Canada Enterprise/Comm West,default-container-62079400259280,81590cee-9c8e-435e-b04a-010df7b6f396,default-storage-pool-62079400259280,3084ae26-0e74-475a-8382-9d76f9cad7f0,-,False,2,False,False,False,-,-,-,-,"6.10.1","5.1.0","FT1/RF2",2025-10-23
"WC-CGY-NXF",00061882-393a-e34f-6b7e-3a7c76724c80,"WhiteCap Resources","scott.sefcik@nutanix.com","Scott Sefcik",Americas,Americas North Enterprise & Canada,Canada Enterprise/Comm West,NutanixManagementShare,863e495d-14bb-4b7e-bf43-2a03c5023f42,Not Found,Not Found,0.0,False,2,True,False,False,-,-,-,-,"6.10.1","5.1.0","FT1/RF2",2025-10-23
"WC-SWC-NXA",00063ca9-807d-dcef-0000-000000027ccb,"WhiteCap Resources","scott.sefcik@nutanix.com","Scott Sefcik",Americas,Americas North Enterprise & Canada,Canada Enterprise/Comm West,SelfServiceContainer,870d5e78-7325-49d5-8885-044496cc3019,default-storage-pool-163019,65dbc073-2168-4492-a3c6-f4773b6f69b8,-,False,1,False,False,False,-,-,-,-,"6.10.1","5.0.1.1","No Fault Tolerance",2025-10-23
"WC-RST-NXA",0005e716-153b-a19e-276d-3ceceffe1e48,"WhiteCap Resources","scott.sefcik@nutanix.com","Scott Sefcik",Americas,Americas North Enterprise & Canada,Canada Enterprise/Comm West,default-container-67195099786994,880ba8b3-d022-4ba2-9fc1-17b45965de53,default-storage-pool-67195099786994,27d539e2-0e2f-4ca9-a008-46c018b2d466,0.0,False,2,True,False,False,-,0,0.0,-,"6.10.1","5.1.0","FT1/RF2",2025-10-23
"WC-DUV-NXA",00061a29-6e0f-ec03-7d55-7cc255e24fe7,"WhiteCap Resources","scott.sefcik@nutanix.com","Scott Sefcik",Americas,Americas North Enterprise & Canada,Canada Enterprise/Comm West,NutanixManagementShare,8e53cebf-7dbc-48a2-bbac-eab042c563ea,default-storage-pool-37703196582691,8097f1f0-e113-42d5-bed5-0a90eb16ede4,0.0,False,2,True,False,False,-,-,-,-,"6.10.1","5.1.0","FT1/RF2",2025-10-23
"WC-MUS-NXB",000631b7-bf0a-7a30-7263-7cc255eaabe0,"WhiteCap Resources","scott.sefcik@nutanix.com","Scott Sefcik",Americas,Americas North Enterprise & Canada,Canada Enterprise/Comm West,default-container-39999405382400,8f0e7757-375c-4231-a201-a491ef83f724,Not Found,Not Found,-,False,2,False,False,False,-,-,-,-,"6.10.1","5.0.1.1","FT1/RF2",2025-10-23
"WC-GCK-NXA",00063e9d-48cc-f8c3-5293-7cc255ec2d38,"WhiteCap Resources","scott.sefcik@nutanix.com","Scott Sefcik",Americas,Americas North Enterprise & Canada,Canada Enterprise/Comm West,SelfServiceContainer,8f2bedf3-254e-4507-9375-553ecc99a293,Not Found,Not Found,-,False,2,False,False,False,-,-,-,-,"6.10.1","5.0.1.1","FT1/RF2",2025-10-23
"WC-SMK-NXA",00063ea0-53a3-de29-49ae-7cc255ed44cb,"WhiteCap Resources","scott.sefcik@nutanix.com","Scott Sefcik",Americas,Americas North Enterprise & Canada,Canada Enterprise/Comm West,SelfServiceContainer,91a5a2d3-dca6-4ace-9929-59ca910bcb95,default-storage-pool-43770260666233,b6e8063e-8216-4587-a5da-b73cabce8c0f,-,False,2,False,False,False,-,-,-,-,"6.10.1","5.0.1.1","FT1/RF2",2025-10-23
"WC-GLP-NXA",00063373-2db4-cb89-6a84-7cc255eaac5e,"WhiteCap Resources","scott.sefcik@nutanix.com","Scott Sefcik",Americas,Americas North Enterprise & Canada,Canada Enterprise/Comm West,NutanixManagementShare,9658af19-7ba1-4b56-88a4-8326ccd70b54,default-storage-pool-67273870584440,ed915fce-22ab-4eba-9081-b3f1ce173473,0.0,False,2,True,False,False,-,-,-,-,"6.10.1","5.0.1.1","FT1/RF2",2025-10-23
"WC-KBP-NXA",0005e712-d27c-1010-206a-3ceceffd92e0,"WhiteCap Resources","scott.sefcik@nutanix.com","Scott Sefcik",Americas,Americas North Enterprise & Canada,Canada Enterprise/Comm West,NutanixManagementShare,97443f70-20d6-4572-930c-e387c93b1122,default-storage-pool-22640150896682,754d7811-a5ae-4a7d-81a9-3b28363c6b22,0.0,False,2,True,False,False,-,-,-,-,"6.10.1","5.2.1","FT1/RF2",2025-10-23
"WC-CGY-NXB",0005bc41-a88b-e6a0-6a7b-9440c9b3e5dc,"WhiteCap Resources","scott.sefcik@nutanix.com","Scott Sefcik",Americas,Americas North Enterprise & Canada,Canada Enterprise/Comm West,Nutanix_WC-CGY-AFS03_ctr,99634342-2b20-4949-89b0-1eeb08833c6f,Not Found,Not Found,0.0,False,2,True,False,True,-,0,0.0,*/1,"6.10.1","5.2.1","FT1/RF2",2025-10-23
"WC-CYNNTNX01",00059f6d-e733-a513-0000-00000002b8cd,"WhiteCap Resources","scott.sefcik@nutanix.com","Scott Sefcik",Americas,Americas North Enterprise & Canada,Canada Enterprise/Comm West,SelfServiceContainer,9a44b889-260d-444b-86fa-d5f1467df3ba,default-storage-pool-178381,c863e432-91f9-4a3c-bf69-20bc1f81ada5,-,False,2,False,False,False,-,-,-,-,"6.10.1","5.2.1","FT1/RF2",2025-10-23
"WC-STR-NXA",00061057-fe1d-855f-4235-3cecefdb38a6,"WhiteCap Resources","scott.sefcik@nutanix.com","Scott Sefcik",Americas,Americas North Enterprise & Canada,Canada Enterprise/Comm West,NutanixManagementShare,9d63cb0a-a74c-429a-9ea0-9d24e97907e8,default-storage-pool-62079400259280,3084ae26-0e74-475a-8382-9d76f9cad7f0,0.0,False,2,True,False,False,-,-,-,-,"6.10.1","5.1.0","FT1/RF2",2025-10-23
"WC-OLDS-NXA",00061a02-c6d8-af73-118f-7cc255e25075,"WhiteCap Resources","scott.sefcik@nutanix.com","Scott Sefcik",Americas,Americas North Enterprise & Canada,Canada Enterprise/Comm West,NutanixManagementShare,9e6949f6-bc58-4825-ae28-f63479ad3402,default-storage-pool-59044353331635,ce9fc3ca-2d11-4633-b38b-3eded816e0d6,0.0,False,2,True,False,False,-,-,-,-,"6.10.1","5.1.0","FT1/RF2",2025-10-23
"WC-WEY-NXB",00060a38-a283-4d16-03fb-72e284297081,"WhiteCap Resources","scott.sefcik@nutanix.com","Scott Sefcik",Americas,Americas North Enterprise & Canada,Canada Enterprise/Comm West,SelfServiceContainer,9e86dedc-ff4e-471c-b283-8492310aef0b,default-storage-pool-49518786424606,f5300265-2d58-4f89-8676-3b10d8a541cf,-,False,2,False,False,False,-,-,-,-,"6.10.1","5.2.1","FT1/RF2",2025-10-23
"WC-EST-NXA",00061972-1b06-3393-1190-7cc255e1e208,"WhiteCap Resources","scott.sefcik@nutanix.com","Scott Sefcik",Americas,Americas North Enterprise & Canada,Canada Enterprise/Comm West,NutanixManagementShare,a09fff50-d378-4c64-bc2e-fc196a134ea6,default-storage-pool-18693190184050,a6072621-8c42-4dde-9ce1-dfee317c718a,0.0,False,2,True,False,False,-,-,-,-,"6.10.1","5.1.0","FT1/RF2",2025-10-23
"WC-CGY-NXF",00061882-393a-e34f-6b7e-3a7c76724c80,"WhiteCap Resources","scott.sefcik@nutanix.com","Scott Sefcik",Americas,Americas North Enterprise & Canada,Canada Enterprise/Comm West,SelfServiceContainer,a2d3e552-a865-4aaf-956a-c2b2d01cc965,Not Found,Not Found,-,False,2,False,False,False,-,-,-,-,"6.10.1","5.1.0","FT1/RF2",2025-10-23
"WC-KBP-NXA",0005e712-d27c-1010-206a-3ceceffd92e0,"WhiteCap Resources","scott.sefcik@nutanix.com","Scott Sefcik",Americas,Americas North Enterprise & Canada,Canada Enterprise/Comm West,SelfServiceContainer,a519e308-3527-469c-8550-91587af3464e,default-storage-pool-22640150896682,754d7811-a5ae-4a7d-81a9-3b28363c6b22,-,False,2,False,False,False,-,-,-,-,"6.10.1","5.2.1","FT1/RF2",2025-10-23
"DR-AWS-NXA",00062138-280a-23fc-d265-1cc0ae5e57ab,"WhiteCap Resources","scott.sefcik@nutanix.com","Scott Sefcik",Americas,Americas North Enterprise & Canada,Canada Enterprise/Comm West,SelfServiceContainer,a650ca95-d2b5-4f9b-bbe9-0a6ca52f3543,Not Found,Not Found,-,False,2,False,False,False,-,-,-,-,"7.0.1","5.1.1","FT1/RF2",2025-10-23
"WC-WEY-NXB",00060a38-a283-4d16-03fb-72e284297081,"WhiteCap Resources","scott.sefcik@nutanix.com","Scott Sefcik",Americas,Americas North Enterprise & Canada,Canada Enterprise/Comm West,default-container-49518786424606,afa7f36a-13c2-4cc2-ae08-bb3d13b0a891,default-storage-pool-49518786424606,f5300265-2d58-4f89-8676-3b10d8a541cf,-,False,2,False,False,False,-,-,-,-,"6.10.1","5.2.1","FT1/RF2",2025-10-23
"WC-GLNNTNX01",0005a0fe-ace6-1f1b-0000-00000002b8a5,"WhiteCap Resources","scott.sefcik@nutanix.com","Scott Sefcik",Americas,Americas North Enterprise & Canada,Canada Enterprise/Comm West,NutanixManagementShare,b1b1aacf-fe70-4694-b58d-d3ec8e34419e,default-storage-pool-178341,b35919fa-7bb2-46ae-9376-aca1624db979,0.0,False,2,True,False,False,-,-,-,-,"6.10.1","5.1.0","FT1/RF2",2025-10-23
"WC-BDLNTNX01",0005902b-e433-72e8-0000-00000002a6e3,"WhiteCap Resources","scott.sefcik@nutanix.com","Scott Sefcik",Americas,Americas North Enterprise & Canada,Canada Enterprise/Comm West,default-container-173795,b81698f9-4f01-4273-9121-cdee98ed7612,default-storage-pool-173795,7297602d-f494-4ad8-b294-cde32684c636,-,False,2,False,False,False,-,-,-,-,"6.10.1","5.1.0","FT1/RF2",2025-10-23
"WC-VAL-NXA",0005d9f3-3eae-2c27-0c08-3cecefeec058,"WhiteCap Resources","scott.sefcik@nutanix.com","Scott Sefcik",Americas,Americas North Enterprise & Canada,Canada Enterprise/Comm West,default-container-92374547319703,ba285637-99b1-4c91-ad25-3c36cdebf266,default-storage-pool-92374547319703,4306057e-349e-4473-a842-8645964ff51a,-,False,2,False,False,False,-,-,-,-,"6.10.1","5.1.0","FT1/RF2",2025-10-23
"DR-AWS-NXA",00062138-280a-23fc-d265-1cc0ae5e57ab,"WhiteCap Resources","scott.sefcik@nutanix.com","Scott Sefcik",Americas,Americas North Enterprise & Canada,Canada Enterprise/Comm West,objectsl29d591e2be43449c6179afac999247c0,c1b50a89-1bad-4066-8d1f-8b3fe986de27,Not Found,Not Found,0.0,False,2,True,False,False,-,-,-,-,"7.0.1","5.1.1","FT1/RF2",2025-10-23
"WC-KWA-NXB",000610ba-e6e5-b3ee-69b2-3cecefdb38b1,"WhiteCap Resources","scott.sefcik@nutanix.com","Scott Sefcik",Americas,Americas North Enterprise & Canada,Canada Enterprise/Comm West,default-container-5676102771936,c4addcf5-03da-4575-83c8-75f35171ff35,default-storage-pool-5676102771936,b60f431e-a882-4e23-81d2-91c9da28dffa,-,False,2,False,False,False,-,-,-,-,"6.10.1","5.2.1","FT1/RF2",2025-10-23
"WC-CGY-NXB",0005bc41-a88b-e6a0-6a7b-9440c9b3e5dc,"WhiteCap Resources","scott.sefcik@nutanix.com","Scott Sefcik",Americas,Americas North Enterprise & Canada,Canada Enterprise/Comm West,SelfServiceContainer,c4bd7058-35e8-4b16-99ee-bec07073d8cd,Not Found,Not Found,0.0,True,2,True,True,False,-,0,2.0,-,"6.10.1","5.2.1","FT1/RF2",2025-10-23
"WC-CGY-NXD",0005e704-225b-e742-16fd-3ceceffe1ca0,"WhiteCap Resources","scott.sefcik@nutanix.com","Scott Sefcik",Americas,Americas North Enterprise & Canada,Canada Enterprise/Comm West,WC-CGY-NXA-CN1,c68b0a03-b36c-4eed-8796-f965a4b3ca4f,Not Found,Not Found,0.0,True,2,True,False,False,-,0,0.0,-,"6.10.1","5.2.1","FT1/RF2",2025-10-23
"WC-FOS-NXA",000619ff-ccac-366c-26f0-7cc255e24fc9,"WhiteCap Resources","scott.sefcik@nutanix.com","Scott Sefcik",Americas,Americas North Enterprise & Canada,Canada Enterprise/Comm West,NutanixManagementShare,c72ab1bf-15c0-4ef0-9181-3318ea4d4e9d,default-storage-pool-83858006684554,a60432f2-5ad6-47f8-9d23-8d279f038a34,0.0,False,2,True,False,False,-,-,-,-,"6.10.1","5.1.0","FT1/RF2",2025-10-23
"WC-WEY-NXB",00060a38-a283-4d16-03fb-72e284297081,"WhiteCap Resources","scott.sefcik@nutanix.com","Scott Sefcik",Americas,Americas North Enterprise & Canada,Canada Enterprise/Comm West,NutanixManagementShare,c93427b7-5dca-4492-8ab3-feaf79c14734,default-storage-pool-49518786424606,f5300265-2d58-4f89-8676-3b10d8a541cf,0.0,False,2,True,False,False,-,-,-,-,"6.10.1","5.2.1","FT1/RF2",2025-10-23
"WC-KBP-NXB",0005e716-0b5a-1bf7-1c68-3ceceffe1b50,"WhiteCap Resources","scott.sefcik@nutanix.com","Scott Sefcik",Americas,Americas North Enterprise & Canada,Canada Enterprise/Comm West,SelfServiceContainer,ca265a14-5eec-47db-9ddb-bad19cbf2abc,Not Found,Not Found,-,False,2,False,False,False,-,-,-,-,"6.10.1","5.2.1","FT1/RF2",2025-10-23
"WC-RST-NXA",0005e716-153b-a19e-276d-3ceceffe1e48,"WhiteCap Resources","scott.sefcik@nutanix.com","Scott Sefcik",Americas,Americas North Enterprise & Canada,Canada Enterprise/Comm West,SelfServiceContainer,caf9364a-0a4a-4346-9666-41f66634e7d4,default-storage-pool-67195099786994,27d539e2-0e2f-4ca9-a008-46c018b2d466,-,False,2,False,False,False,-,-,-,-,"6.10.1","5.1.0","FT1/RF2",2025-10-23
"WC-RST-NXA",0005e716-153b-a19e-276d-3ceceffe1e48,"WhiteCap Resources","scott.sefcik@nutanix.com","Scott Sefcik",Americas,Americas North Enterprise & Canada,Canada Enterprise/Comm West,NutanixManagementShare,ce40d768-0920-4b9a-9029-6dd5deb9358b,default-storage-pool-67195099786994,27d539e2-0e2f-4ca9-a008-46c018b2d466,0.0,False,2,True,False,False,-,-,-,-,"6.10.1","5.1.0","FT1/RF2",2025-10-23
"WC-GLNNTNX01",0005a0fe-ace6-1f1b-0000-00000002b8a5,"WhiteCap Resources","scott.sefcik@nutanix.com","Scott Sefcik",Americas,Americas North Enterprise & Canada,Canada Enterprise/Comm West,SelfServiceContainer,cfb2d793-1d87-48d3-a6ee-91d70d5dfe4e,default-storage-pool-178341,b35919fa-7bb2-46ae-9376-aca1624db979,-,False,2,False,False,False,-,-,-,-,"6.10.1","5.1.0","FT1/RF2",2025-10-23
"WC-CGY-NXD",0005e704-225b-e742-16fd-3ceceffe1ca0,"WhiteCap Resources","scott.sefcik@nutanix.com","Scott Sefcik",Americas,Americas North Enterprise & Canada,Canada Enterprise/Comm West,Nutanix_WC-CGY-AFS02_ctr,d05c533f-e1be-49a9-be21-7a1f158b37c2,Not Found,Not Found,0.0,False,2,True,False,False,-,-,0.0,-,"6.10.1","5.2.1","FT1/RF2",2025-10-23
"WC-CGY-NXF",00061882-393a-e34f-6b7e-3a7c76724c80,"WhiteCap Resources","scott.sefcik@nutanix.com","Scott Sefcik",Americas,Americas North Enterprise & Canada,Canada Enterprise/Comm West,default-container-65664554518278,d1da21d8-ccf4-4841-8ee6-a29132a1d3b8,Not Found,Not Found,0.0,False,2,True,False,False,-,0,0.0,-,"6.10.1","5.1.0","FT1/RF2",2025-10-23
"WC-SWC-NXA",00063ca9-807d-dcef-0000-000000027ccb,"WhiteCap Resources","scott.sefcik@nutanix.com","Scott Sefcik",Americas,Americas North Enterprise & Canada,Canada Enterprise/Comm West,NutanixManagementShare,d5d8c858-1127-4da2-b88f-598bcafdb55e,default-storage-pool-163019,65dbc073-2168-4492-a3c6-f4773b6f69b8,0.0,False,1,True,False,False,-,-,-,-,"6.10.1","5.0.1.1","No Fault Tolerance",2025-10-23
"WC-SUF-NXA",0006181b-b393-4a68-2042-3cecefdb3842,"WhiteCap Resources","scott.sefcik@nutanix.com","Scott Sefcik",Americas,Americas North Enterprise & Canada,Canada Enterprise/Comm West,default-container-36444639382977,d6a4376a-369a-4385-8610-00784846165f,Not Found,Not Found,0.0,False,2,True,False,False,-,0,0.0,-,"6.10.1","5.1.0","FT1/RF2",2025-10-23
"WC-VAL-NXA",0005d9f3-3eae-2c27-0c08-3cecefeec058,"WhiteCap Resources","scott.sefcik@nutanix.com","Scott Sefcik",Americas,Americas North Enterprise & Canada,Canada Enterprise/Comm West,SelfServiceContainer,dce2f8c8-efc1-434f-99b0-f6c3710949f8,default-storage-pool-92374547319703,4306057e-349e-4473-a842-8645964ff51a,-,False,2,False,False,False,-,-,-,-,"6.10.1","5.1.0","FT1/RF2",2025-10-23
"WC-KER-NXA",000619ac-5b08-796a-65ea-7cc255e25073,"WhiteCap Resources","scott.sefcik@nutanix.com","Scott Sefcik",Americas,Americas North Enterprise & Canada,Canada Enterprise/Comm West,SelfServiceContainer,dd5ef96f-0d6d-4d51-99c8-f5944eca285c,Not Found,Not Found,-,False,2,False,False,False,-,-,-,-,"6.10.1","5.1.0","FT1/RF2",2025-10-23
"WC-FOS-NXA",000619ff-ccac-366c-26f0-7cc255e24fc9,"WhiteCap Resources","scott.sefcik@nutanix.com","Scott Sefcik",Americas,Americas North Enterprise & Canada,Canada Enterprise/Comm West,default-container-83858006684554,e28898d8-f7c7-4936-85a3-83d6143e2da2,default-storage-pool-83858006684554,a60432f2-5ad6-47f8-9d23-8d279f038a34,-,False,2,False,False,False,-,-,-,-,"6.10.1","5.1.0","FT1/RF2",2025-10-23
"WC-WEY-NXA",0005c575-5610-8b63-6cd3-3cecef5abbeb,"WhiteCap Resources","scott.sefcik@nutanix.com","Scott Sefcik",Americas,Americas North Enterprise & Canada,Canada Enterprise/Comm West,NutanixManagementShare,e2d211b8-c421-42fe-a493-0fd201b76b95,default-storage-pool-42427743041,d1f61b99-3eac-457c-86dc-b46d2d26c666,0.0,False,2,True,False,False,-,-,-,-,"6.10.1","5.2.1","FT1/RF2",2025-10-23
"WC-EST-NXA",00061972-1b06-3393-1190-7cc255e1e208,"WhiteCap Resources","scott.sefcik@nutanix.com","Scott Sefcik",Americas,Americas North Enterprise & Canada,Canada Enterprise/Comm West,default-container-18693190184050,e5e5c0d8-94fb-44f6-84c6-28c09643ba0c,default-storage-pool-18693190184050,a6072621-8c42-4dde-9ce1-dfee317c718a,-,False,2,False,False,False,-,0,0.0,-,"6.10.1","5.1.0","FT1/RF2",2025-10-23
"WC-CGY-NXD",0005e704-225b-e742-16fd-3ceceffe1ca0,"WhiteCap Resources","scott.sefcik@nutanix.com","Scott Sefcik",Americas,Americas North Enterprise & Canada,Canada Enterprise/Comm West,Nutanix_WC-CGY-AFS01_ctr,e6534596-7445-4ffd-9bd7-f3c8f168ada2,Not Found,Not Found,0.0,False,2,True,False,False,-,-,0.0,-,"6.10.1","5.2.1","FT1/RF2",2025-10-23
"WC-SUF-NXA",0006181b-b393-4a68-2042-3cecefdb3842,"WhiteCap Resources","scott.sefcik@nutanix.com","Scott Sefcik",Americas,Americas North Enterprise & Canada,Canada Enterprise/Comm West,SelfServiceContainer,e65d1e71-2acf-4ee0-836b-73af104f2b17,Not Found,Not Found,-,False,2,False,False,False,-,-,-,-,"6.10.1","5.1.0","FT1/RF2",2025-10-23
"WC-BDLNTNX01",0005902b-e433-72e8-0000-00000002a6e3,"WhiteCap Resources","scott.sefcik@nutanix.com","Scott Sefcik",Americas,Americas North Enterprise & Canada,Canada Enterprise/Comm West,NutanixManagementShare,e794b6ff-e1b6-4645-8859-31519841bcc3,default-storage-pool-173795,7297602d-f494-4ad8-b294-cde32684c636,0.0,False,2,True,False,False,-,-,-,-,"6.10.1","5.1.0","FT1/RF2",2025-10-23
"WC-CGY-NXE",00061755-a6a5-3a82-390b-043201f0fd0a,"WhiteCap Resources","scott.sefcik@nutanix.com","Scott Sefcik",Americas,Americas North Enterprise & Canada,Canada Enterprise/Comm West,NutanixManagementShare,e91050d4-a0dd-4d95-9387-f24b803feb8f,Not Found,Not Found,0.0,False,2,True,False,False,-,-,-,-,"6.10.1","5.2.0","FT1/RF2",2025-10-23
"WC-SWC-NXA",00063ca9-807d-dcef-0000-000000027ccb,"WhiteCap Resources","scott.sefcik@nutanix.com","Scott Sefcik",Americas,Americas North Enterprise & Canada,Canada Enterprise/Comm West,default-container-163019,ea24b083-e656-478f-9974-c808b3e9fa45,default-storage-pool-163019,65dbc073-2168-4492-a3c6-f4773b6f69b8,-,False,1,False,False,False,-,-,-,-,"6.10.1","5.0.1.1","No Fault Tolerance",2025-10-23
"WC-WEY-NXA",0005c575-5610-8b63-6cd3-3cecef5abbeb,"WhiteCap Resources","scott.sefcik@nutanix.com","Scott Sefcik",Americas,Americas North Enterprise & Canada,Canada Enterprise/Comm West,default-container-42427743041,ecb1e9ca-2a83-42ac-87e5-1a601ef74bad,default-storage-pool-42427743041,d1f61b99-3eac-457c-86dc-b46d2d26c666,-,False,2,False,False,False,-,0,0.0,-,"6.10.1","5.2.1","FT1/RF2",2025-10-23
"WC-CGY-NXF",00061882-393a-e34f-6b7e-3a7c76724c80,"WhiteCap Resources","scott.sefcik@nutanix.com","Scott Sefcik",Americas,Americas North Enterprise & Canada,Canada Enterprise/Comm West,Nutanix_CGY-AFS-P04_ctr,ee70dc2c-b3f8-481d-83b9-39d18d481b3d,Not Found,Not Found,0.0,False,2,True,False,True,-,0,0.0,*/1,"6.10.1","5.1.0","FT1/RF2",2025-10-23
"WC-BUT-NXA",000619c2-e438-a495-7e41-3cecefdb38c5,"WhiteCap Resources","scott.sefcik@nutanix.com","Scott Sefcik",Americas,Americas North Enterprise & Canada,Canada Enterprise/Comm West,default-container-81015024120065,ef37e78b-0640-49a3-8688-79b76d2da036,Not Found,Not Found,0.0,False,2,True,False,False,-,0,0.0,-,"6.10.1","5.1.0","FT1/RF2",2025-10-23
"WC-CGY-NXD",0005e704-225b-e742-16fd-3ceceffe1ca0,"WhiteCap Resources","scott.sefcik@nutanix.com","Scott Sefcik",Americas,Americas North Enterprise & Canada,Canada Enterprise/Comm West,Database,f56d0863-eb0b-4e95-a64f-0c1162466925,Not Found,Not Found,0.0,True,2,True,False,False,-,-,0.0,-,"6.10.1","5.2.1","FT1/RF2",2025-10-23
"WC-KWA-NXA",000581e3-76ec-96d8-0000-000000027cc9,"WhiteCap Resources","scott.sefcik@nutanix.com","Scott Sefcik",Americas,Americas North Enterprise & Canada,Canada Enterprise/Comm West,SelfServiceContainer,f95b3bf8-ed2a-4f79-a980-8bda3c4ee794,default-storage-pool-163017,857ca8cf-78ea-400a-b9a3-8dae28d11520,0.0,False,2,True,False,False,-,0,-,-,"6.10.1","5.1.0","FT1/RF2",2025-10-23
"WC-GLP-NXA",00063373-2db4-cb89-6a84-7cc255eaac5e,"WhiteCap Resources","scott.sefcik@nutanix.com","Scott Sefcik",Americas,Americas North Enterprise & Canada,Canada Enterprise/Comm West,default-container-67273870584440,fc09892c-14c7-4a75-b92f-d3a494be81f8,default-storage-pool-67273870584440,ed915fce-22ab-4eba-9081-b3f1ce173473,-,False,2,False,False,False,-,-,-,-,"6.10.1","5.0.1.1","FT1/RF2",2025-10-23
